source,target,submission_id,subreddit,created_utc,comment_id,parent_kind
67df34975f7858f3,6cfd2d3b085f5cad,1rhnsg1,investing,1772339729.0,o801zvg,comment
015ee1fe5d751482,11b8c386d2fa7f5a,1rhnsg1,investing,1772343518.0,o80ahh2,comment
10b6ac14a7684b3e,67df34975f7858f3,1rhnsg1,investing,1772368643.0,o81kk1n,comment
10b6ac14a7684b3e,c2061f0baa3fe7a7,1rhnsg1,investing,1772368922.0,o81l5rx,comment
b31c38ed25662195,90760bda28579187,1rhnsg1,investing,1772371240.0,o81qnce,comment
1c4176d1fddde970,7711defd218b7ffe,1rhnsg1,investing,1772429247.0,o86ktsl,comment
69606eeb1aa95dc0,7d608a251667d43d,1rj4gvm,wallstreetbets,1772484254.0,o8aku9n,comment
c2ad7d7e1b4fa449,4bd28795cb68aecb,1rj4gvm,wallstreetbets,1772484356.0,o8al6vq,comment
bc96259a717616ce,f3be6ebd468bd050,1rj4gvm,wallstreetbets,1772484417.0,o8aledd,comment
f1275d225883e8bf,a1612535cb91a159,1rj4gvm,wallstreetbets,1772484472.0,o8all5t,comment
09c4d4965e0593a3,99f1b5538791e1f2,1rj4gvm,wallstreetbets,1772484806.0,o8amqu5,comment
ff93590d150c652b,191c555b2412ef69,1rj4gvm,wallstreetbets,1772485581.0,o8apf89,comment
ffe903b06fb8894c,191c555b2412ef69,1rj4gvm,wallstreetbets,1772485790.0,o8aq4tt,comment
362286f0c5803e0c,80ff1108600a6763,1rj4gvm,wallstreetbets,1772485816.0,o8aq81y,comment
09c4d4965e0593a3,e5d6caacc2e9cf8c,1rj4gvm,wallstreetbets,1772486039.0,o8aqzyd,comment
c52d327f21e6ae4b,0058e1a591e58afc,1rj4gvm,wallstreetbets,1772486726.0,o8ate8d,comment
e5d6caacc2e9cf8c,6d933de18b5d63d1,1rj4gvm,wallstreetbets,1772487275.0,o8ava9v,comment
805bea2933bb61c8,abaead7962d88622,1rj4gvm,wallstreetbets,1772487428.0,o8avt63,comment
9b6117fb61fb7e6b,7d608a251667d43d,1rj4gvm,wallstreetbets,1772487656.0,o8awlg7,comment
7abce1d67b888b46,df79723e8218861f,1rj4gvm,wallstreetbets,1772488133.0,o8ay8wq,comment
90760bda28579187,f6e06aeb82418501,1rhnsg1,investing,1772491390.0,o8b8zuu,comment
648f48215e87610b,6d9509ded1561e7e,1rjnzmc,Economics,1772551348.0,o8f8yud,comment
07ce92a22716cfab,9b0f1be7f92a05d4,1rjnzmc,Economics,1772551962.0,o8fb337,comment
fef9ed6d62ae53c4,cfcec556cc4a44c2,1rjnzmc,Economics,1772555357.0,o8fmwwq,comment
6364b8a2c0d31a12,abcec378b6f7670b,1rjnzmc,Economics,1772557144.0,o8ft7zi,comment
1f25cb9682c6c2cb,05a5ed8bf1edf2e3,1rjnzmc,Economics,1772560547.0,o8g596e,comment
12519c0eb1efe5e0,6d9509ded1561e7e,1rjnzmc,Economics,1772570159.0,o8h39ct,comment
947cf62536108d97,d2a066067878bffe,1rjnzmc,Economics,1772572707.0,o8hc9ir,comment
5b3b3bda21754a67,d2a066067878bffe,1rjnzmc,Economics,1772575074.0,o8hknrn,comment
d7b1d875fdc68f26,6364b8a2c0d31a12,1rjnzmc,Economics,1772578663.0,o8hwn1v,comment
1f25cb9682c6c2cb,9f20880ad057f251,1rjnzmc,Economics,1772579567.0,o8hzflp,comment
89eabfeaf46fd7ec,a2d46ae19eb20390,1rjnzmc,Economics,1772581907.0,o8i6a66,comment
7f269149bc40fa1a,d2a066067878bffe,1rjnzmc,Economics,1772590684.0,o8iv9ho,comment
4d96f603a5752019,d2a066067878bffe,1rjnzmc,Economics,1772602277.0,o8jox2w,comment
e55550f7ce5cac0a,6d9509ded1561e7e,1rjnzmc,Economics,1772612826.0,o8k8x9p,comment
d73b82dc5a9355d0,d2a066067878bffe,1rjnzmc,Economics,1772616854.0,o8kfszv,comment
0de77df136d37d6b,b23d7505fbc823a8,1rmi0rj,energy,1772827587.0,o90wwy8,comment
6239b01d57d87bb3,4b8c25638c334bb2,1rp4wsr,energy,1773074863.0,o9ijg32,comment
b23d7505fbc823a8,d5812154bbc168e9,1rp4wsr,energy,1773075342.0,o9il5rk,comment
b23d7505fbc823a8,6ac738b503513d12,1rp4wsr,energy,1773077056.0,o9ir8g4,comment
dd0c890ad53debd6,cb62e75213a24536,1rp4wsr,energy,1773077404.0,o9isgxm,comment
6565f6b21a51bab2,02572260a8ddd180,1rp4wsr,energy,1773078183.0,o9iv7cy,comment
04433fd034a61f7d,aa051bad131dad59,1rpac2b,investing,1773086226.0,o9jnvnl,comment
aa051bad131dad59,1f42a832144e4505,1rpac2b,investing,1773086714.0,o9jpl3z,comment
b23d7505fbc823a8,a5bf3c3ffff0ff90,1rp4wsr,energy,1773087416.0,o9js0kd,comment
0e24c4b1d9ebd616,aa051bad131dad59,1rpac2b,investing,1773087712.0,o9jt1by,comment
2743e819e2887eac,1d65d56c309a7227,1rpac2b,investing,1773087881.0,o9jtm4w,comment
4687c8418beff2c9,80676f7cf4724530,1rpac2b,investing,1773088177.0,o9jumxr,comment
50fce1e56038740e,64c793308d3d0d30,1rpac2b,investing,1773088209.0,o9juqu3,comment
02f419ead2a7bbde,5806ec30489326c3,1rpac2b,investing,1773088427.0,o9jvhfs,comment
d4d9a7f4c3d0d6e6,d07f34eb715746d2,1rp4wsr,energy,1773088524.0,o9jvtbk,comment
2e25220e285f63c7,96dc7496efe38ab3,1rpac2b,investing,1773089285.0,o9jyfhq,comment
2c47dbf7300b36df,8467902058f91624,1rpac2b,investing,1773089437.0,o9jyybl,comment
6804d456bb193306,addbde15c66e0492,1rpac2b,investing,1773090826.0,o9k3p8f,comment
d702acedffb5b532,821f35bbe380104e,1rpac2b,investing,1773092305.0,o9k8ox5,comment
42a4ab5ae5b51fc8,deade1ee6a7a111a,1rp4v64,wallstreetbets,1773095043.0,o9khlqb,comment
e4ad11671f5f941e,1b7136debc6721d6,1rp4wsr,energy,1773096201.0,o9kla6b,comment
5c1af35d816a9bc0,7a0b25132db81097,1rp4wsr,energy,1773100634.0,o9kyjsa,comment
8391c31bea4f12e3,badbee730a3736ba,1rp4wsr,energy,1773141045.0,o9ne3wb,comment
aa051bad131dad59,2e8378ce9c9cf437,1rpac2b,investing,1773144947.0,o9nn488,comment
2d73da505576b2f8,ac7804fbe76a9008,1rpac2b,investing,1773146261.0,o9nqkkx,comment
b678ff7982f0e35f,1e84f85b4de9f6f8,1rp4wsr,energy,1773157540.0,o9opxw4,comment
856b5b0c40926ea4,a31e3aba84ad0c71,1rpac2b,investing,1773164191.0,o9pd1hh,comment
8442e8da8a266d65,2c07086141193964,1rp4wsr,energy,1773202520.0,o9sqil6,comment
25381b74f4e03dd4,f47f1a6b3801ac27,1rp4wsr,energy,1773286496.0,o9z95jo,comment
0b5f3f04c201e545,769b3daf8302bb7e,1rpac2b,investing,1773341975.0,oa38hmi,comment
b4db90d0bd9e4037,3dca73c542ff7ba8,1rs76f8,stocks,1773359683.0,oa4vwlk,comment
432781a963307139,55936c65539a9a37,1rs76f8,stocks,1773360449.0,oa4y74s,comment
69dbddfa175ff51e,93deb2dd93fab929,1rs76f8,stocks,1773362507.0,oa54ab4,comment
fcf9740669f2f438,2631472c209b33b9,1rs76f8,stocks,1773363603.0,oa57i3h,comment
f302054f4e6e20b7,0e6191cfbba75603,1rs76f8,stocks,1773366074.0,oa5epw7,comment
0b71e12e6e70bd07,3c7c141b7f41fcc2,1rs76f8,stocks,1773366316.0,oa5fezw,comment
97ea69144ec991c0,ec836076b0262358,1rs76f8,stocks,1773366357.0,oa5fj91,comment
b2f37e12318a1204,3dca73c542ff7ba8,1rs76f8,stocks,1773370004.0,oa5pwoy,comment
c3f93d9f5c4b4f80,abd2287c6184d194,1rs76f8,stocks,1773370545.0,oa5rdlk,comment
1e4e35f81d0ef669,42171bc88c6cc831,1rs76f8,stocks,1773377926.0,oa68wua,comment
c3f93d9f5c4b4f80,078faf52a428feb8,1rs76f8,stocks,1773390708.0,oa6vvig,comment
c6f51253a21cf4e8,e6deec32109867dd,1rsda1n,oil,1773393067.0,oa6zx2v,comment
ee5005fedf5e26f3,6f1eb8893895fbba,1rsda1n,oil,1773395414.0,oa743mg,comment
c3220d5a82d24445,6f1eb8893895fbba,1rsda1n,oil,1773400046.0,oa7ddip,comment
5664530cec102786,a5763ea2eb1c4430,1rs76f8,stocks,1773405723.0,oa7refw,comment
ca74a25cf2b66b51,18ca48fbcc9bce28,1rsda1n,oil,1773406364.0,oa7t8qb,comment
7db4f33404ada549,88a9ce82ef01f6d1,1rsda1n,oil,1773406518.0,oa7tp8p,comment
3c5fddaa4016e628,472ba2660083f3fc,1rsda1n,oil,1773407137.0,oa7vidu,comment
6510b162ab641284,8701cb5b411004cb,1rs76f8,stocks,1773420428.0,oa945oq,comment
4545daf6b4657b8b,18ca48fbcc9bce28,1rsda1n,oil,1773421197.0,oa96xgo,comment
0d98f442ee62c219,18ca48fbcc9bce28,1rsda1n,oil,1773423693.0,oa9frgd,comment
6190c66e689bdcb8,943f3fab84e05deb,1rsydfd,geopolitics,1773436622.0,oaany3n,comment
3c61d52c0e55ae64,943f3fab84e05deb,1rsydfd,geopolitics,1773436748.0,oaaoczq,comment
f90c965df4177091,f8f049b413975334,1rsydfd,geopolitics,1773438903.0,oaav9py,comment
1a049e4d579b0931,3dec31018dfc12fd,1rsydfd,geopolitics,1773439143.0,oaaw11q,comment
5d07a055c53a8ae8,3c61d52c0e55ae64,1rsydfd,geopolitics,1773443679.0,oab9o0a,comment
d14cc9beadb7da4f,f2ce80ac42fe6f9b,1rsda1n,oil,1773449743.0,oabr0g1,comment
2891c8c62542c643,315a2a1ba8375d63,1rsydfd,geopolitics,1773453662.0,oac1qtq,comment
9d5efe8cb7594c37,9ac39c9d2bea0e99,1rsydfd,geopolitics,1773462662.0,oacnq00,comment
4fa29f8db6e8709c,5d07a055c53a8ae8,1rsydfd,geopolitics,1773476196.0,oadbvqo,comment
e6ba857d25e836eb,a5b7f9dd94762ed3,1rsda1n,oil,1773535916.0,oahva2o,comment
c1d25a4b516472b7,2ddb885d1ece98ec,1rs76f8,stocks,1773551470.0,oaiwrqi,comment
7f36e43d6160f8c5,7ffda647274e42e9,1rsydfd,geopolitics,1773553123.0,oaizv3c,comment
99956bc09ee48bb6,31c84e6e2f9f1a1d,1rsda1n,oil,1773579052.0,oakbqxz,comment
1b8ee368361cb447,51012e0b1b45d711,1rsda1n,oil,1773665121.0,oaqmvt7,comment
ee41dc549251cc46,e12e12fc93ec6c00,1rp4wsr,energy,1773665894.0,oaqp1to,comment
7ab14c30466264ec,15b52feb9e012e0d,1rvfnjm,geopolitics,1773684555.0,oasg4uh,comment
e58c6433c6fa3f80,c55e8348456ee86c,1rvfnjm,geopolitics,1773685004.0,oashp3b,comment
2b7a4da0b25b0ff0,c55e8348456ee86c,1rvfnjm,geopolitics,1773686395.0,oasmk66,comment
d09b6bcf9f4bfe71,99074cde376973c8,1rvfnjm,geopolitics,1773699536.0,oatv9j8,comment
2ed104425350d710,e0e907d6264d0b41,1rw9fjg,worldnews,1773761869.0,oay48st,comment
3788f551ac0a1020,51677fb2a740dcb3,1rw9fjg,worldnews,1773761924.0,oay4fyh,comment
7bbe8b777d2ed338,1fdf10fd132411bc,1rw9fjg,worldnews,1773761944.0,oay4ihp,comment
8548abbb6e9860e4,27ae61053de655a1,1rw9fjg,worldnews,1773762071.0,oay4z43,comment
119b1c07453e67bd,c708baad8cedfec6,1rw9fjg,worldnews,1773762542.0,oay6oyz,comment
1e08eb5f7fd7e26f,c863f9bf66113c66,1rw9fjg,worldnews,1773762625.0,oay6zx7,comment
fcd3e1742d021ea4,eeb02b1b43ba0131,1rw9fjg,worldnews,1773762646.0,oay72ty,comment
5d0c34a1b27b1c89,6691d1100554ad91,1rw9fjg,worldnews,1773763040.0,oay8j0b,comment
b15eee30ce924b64,dd66375f8310090e,1rw9fjg,worldnews,1773763429.0,oay9y0z,comment
119b1c07453e67bd,c708baad8cedfec6,1rw9fjg,worldnews,1773763545.0,oayada6,comment
5eefb8733b09df8a,ffe4d5f7adb84e8f,1rw9fjg,worldnews,1773763712.0,oayayzm,comment
73cec62a0e662245,42baf627caf3c0b7,1rw9fjg,worldnews,1773764692.0,oayeif8,comment
9ba6644a2b5df7e6,a96efddfafd1bfb7,1rw9fjg,worldnews,1773765432.0,oayh7e8,comment
6db6c45460dfd17c,7422f57f66ee0600,1rw9fjg,worldnews,1773765849.0,oayir86,comment
2b3acbcb6acadcee,59dac72b05480334,1rw9fjg,worldnews,1773766186.0,oayk11x,comment
6972cda67963d8d7,10d014baa6570724,1rw9fjg,worldnews,1773766206.0,oayk3sd,comment
a68b76b466ff2635,a8643e475a1664ac,1rw9fjg,worldnews,1773782773.0,ob089vi,comment
a8643e475a1664ac,a68b76b466ff2635,1rw9fjg,worldnews,1773784174.0,ob0d7is,comment
e66cae62ad688537,02ba0f7608d73b71,1rsda1n,oil,1773802863.0,ob1yn1r,comment
29f49e10b2e7fed5,b8bccfe73c2aa01d,1rvfnjm,geopolitics,1773809620.0,ob2eio9,comment
d8940c0e2e48453f,520b46403f800ad1,1s07g52,stocks,1774140354.0,obrdfca,comment
4340d540f1e37ec3,0635c79c2086b8c2,1s07g52,stocks,1774140482.0,obrdrw6,comment
4b17bef9eed5084f,de40e964d12b99f1,1s07g52,stocks,1774140845.0,obres7l,comment
f54b6b7fa8a1d6fa,89251d62fef6d4a1,1s07g52,stocks,1774141321.0,obrg2z0,comment
dc026395ac379b53,eeaa7f243504e612,1s07g52,stocks,1774142523.0,obrjbg7,comment
cb6b50a6adc25f20,e682ff4c5592c327,1s07g52,stocks,1774143289.0,obrld21,comment
ff9e58bee3dea27b,9411a161486b78eb,1s07g52,stocks,1774144834.0,obrpkr2,comment
03f40f6c7d893031,3bd7094df445a81d,1s07g52,stocks,1774145147.0,obrqecx,comment
3528a28ed6cdd218,9f5b7ee8113de02b,1s07g52,stocks,1774145249.0,obrqo02,comment
e0406d2d9d3ee807,6a19e980e95bc346,1s07g52,stocks,1774145702.0,obrruuv,comment
be79926cb912d58d,bcd9fe2da2878416,1s07g52,stocks,1774146596.0,obru6xs,comment
3cce6dd6ba946856,c32752823eb0e073,1s0aiqa,geopolitics,1774156823.0,obshe8z,comment
d07cb57e704e820d,32fa429a207a7f48,1s0aiqa,geopolitics,1774163489.0,obst7xx,comment
de7f77820f3040c7,d74e2a4747f8b771,1s0aiqa,geopolitics,1774172281.0,obt878k,comment
e044d55ffeb42e5b,421712d7beebc324,1s0aiqa,geopolitics,1774179110.0,obtksn4,comment
03ed9f58e2d8c9f9,303cea4cf0f660d2,1s0aiqa,geopolitics,1774192105.0,obuktko,comment
8c9ff5a34fa0ab88,fdf0e415d2782fe6,1s0aiqa,geopolitics,1774202353.0,obvks7u,comment
229f5a468ed78a6c,069d34afca601990,1s1fpj9,worldnews,1774270243.0,oc0c4uc,comment
229f5a468ed78a6c,21955c47b70ca965,1s1fpj9,worldnews,1774270292.0,oc0ca1y,comment
2efaf466205f102a,3f86e47745b982ce,1s1fpj9,worldnews,1774270517.0,oc0cxhc,comment
81b1d3b4534e075a,520bbafcd647e413,1s1fpj9,worldnews,1774270685.0,oc0df7p,comment
1d786692446bc740,c01065b4e88d64a5,1s1fpj9,worldnews,1774270910.0,oc0e2xu,comment
51d16f29516102cd,f678566cc667405f,1s1fpj9,worldnews,1774270993.0,oc0ebib,comment
1074f54930e2fa9a,5eff873af61c8964,1s1fh85,geopolitics,1774271332.0,oc0fc2p,comment
6f75970bb66ca07d,e23ea89aa84ecf69,1s1fpj9,worldnews,1774271868.0,oc0gz8q,comment
4238235d5ff743c6,fc23025ffc2af7ad,1s1fpj9,worldnews,1774272282.0,oc0i9kz,comment
eb44ae1c0a5674c0,5810ddb5452b16cc,1s1fpj9,worldnews,1774273348.0,oc0lms4,comment
c55e8348456ee86c,d1f3f9e25275cf8b,1s1fh85,geopolitics,1774274420.0,oc0p5cm,comment
13fe8e8efafe3be9,633655893430bfdf,1s1fpj9,worldnews,1774275383.0,oc0sbnm,comment
448e7637bb6aac51,cef1979c9d89f38b,1s1fpj9,worldnews,1774275568.0,oc0sxrx,comment
4fbffcd5d87fc28a,24f58414e16e7978,1s1fpj9,worldnews,1774276099.0,oc0up7u,comment
3cadf84a1db5451d,633655893430bfdf,1s1fpj9,worldnews,1774277640.0,oc0zu5m,comment
a9e4df1b40160a42,73bf8043b820c7b2,1s1fpj9,worldnews,1774277672.0,oc0zy3v,comment
b1de04d02dc06112,47a77406b6b58127,1s1fpj9,worldnews,1774281473.0,oc1dcvy,comment
e261ea26c1bb138c,20caba09f06c16bf,1s1fh85,geopolitics,1774281825.0,oc1emos,comment
20caba09f06c16bf,e261ea26c1bb138c,1s1fh85,geopolitics,1774282128.0,oc1fpzr,comment
efae70f501981ea8,73bf8043b820c7b2,1s1fpj9,worldnews,1774282468.0,oc1gxxe,comment
2f85243b3f59d5fe,633655893430bfdf,1s1fpj9,worldnews,1774286316.0,oc1uyak,comment
72a03f0fb9681510,459f2bfb2d21700b,1s1fh85,geopolitics,1774288755.0,oc23xvc,comment
6c2c5cca86cf1eb4,5c0445d7cd895789,1s1of0k,investing,1774289852.0,oc27vyz,comment
6b90c91dc1eb1cae,5c0445d7cd895789,1s1of0k,investing,1774290762.0,oc2b4oz,comment
de1b1c318810aff0,874fbda547efbc01,1s1of0k,investing,1774294491.0,oc2of7l,comment
1a04d16562f16e9c,633655893430bfdf,1s1fpj9,worldnews,1774296026.0,oc2txyl,comment
082ca5667e69d271,d31f543ff8a23316,1s1of0k,investing,1774297667.0,oc2zuwe,comment
31f2c858689fc59d,874fbda547efbc01,1s1of0k,investing,1774298641.0,oc33by6,comment
05d484330e4906a7,33ee7400324e6251,1s1of0k,investing,1774313727.0,oc4fnhj,comment
83867e311600f0c8,0fcec0720d9cbbf4,1s1fh85,geopolitics,1774353190.0,oc6rwwd,comment
a65429a8d7045718,60dc7dceccdbaf4e,1s1of0k,investing,1774361500.0,oc7h16u,comment
71fbf412bac35e9d,6b122e33f65d19c2,1s1of0k,investing,1774383576.0,oc9oapp,comment
6dfabd69512aae95,fe93fd31cfd631ef,1s1of0k,investing,1774476856.0,och3zq2,comment
8dad67019294e842,3eab580df5a6df6b,1s3zxlw,oil,1774509821.0,ocjgmfd,comment
3eab580df5a6df6b,e2a93f9be5ea50f5,1s3zxlw,oil,1774510436.0,ocjhpuo,comment
b983268b10d96bb1,13b33930c6d05744,1s3zxlw,oil,1774518689.0,ocjwe57,comment
3bb6dd7294a048e9,8dad67019294e842,1s3zxlw,oil,1774521078.0,ock1541,comment
6d702e8e9c87a93a,d2ec8c47f933cd7f,1s3zxlw,oil,1774521911.0,ock2xpi,comment
40dc322342e42367,3eab580df5a6df6b,1s3zxlw,oil,1774525749.0,ockbzgu,comment
9c1c27f1434fab5d,9d918ac4370fec2b,1s3zxlw,oil,1774525891.0,ockccpw,comment
95f9da956bb29bbc,e2a93f9be5ea50f5,1s3zxlw,oil,1774533500.0,ockziip,comment
63c6a17b7d759d4e,549c6b8ee455762e,1s3zxlw,oil,1774535701.0,ocl74o4,comment
eac4f7d7be080672,6d702e8e9c87a93a,1s3zxlw,oil,1774535807.0,ocl7hue,comment
3b1065c24eab53d9,8a6acec3d218ba58,1s3zxlw,oil,1774543022.0,oclxjo9,comment
3930e046449fba9f,5892dee4848870e4,1s4kat0,Economics,1774565568.0,oco63yt,comment
6ec5a9ef855fa96e,5892dee4848870e4,1s4kat0,Economics,1774566159.0,oco80xn,comment
6a9c793dc8cd738e,4499fb2c8708f0e9,1s4kat0,Economics,1774572199.0,ocoqqfm,comment
06bcb19c9b7ea663,6f44dd9f44e54e7a,1s3zxlw,oil,1774581710.0,ocpi0pa,comment
ee3ab030601a8b72,b650c0efc26521c5,1s50hhe,Economics,1774618869.0,ocrrbz1,comment
b650c0efc26521c5,2c0ac02a182f835e,1s50hhe,Economics,1774635293.0,octe7zv,comment
b650c0efc26521c5,7c2e9d4b00696e89,1s50hhe,Economics,1774635473.0,octeuxh,comment
26a47490ab864c7d,fb8871143f69d842,1s50hhe,Economics,1774638444.0,octpe8m,comment
5fa34ccfd8d3188a,9d3f7e6632649ac8,1s3zxlw,oil,1774708872.0,ocyo94s,comment
4671cc30d228ced7,e60b1f5be0a3e9d1,1s50hhe,Economics,1774733367.0,od0wwp8,comment
fe92b985507179a3,6d702e8e9c87a93a,1s3zxlw,oil,1774786311.0,od4aqpq,comment
29444a4955c1ab34,7f1037e9c511b6ac,1s90075,stocks,1774992201.0,odku977,comment
b04440378df8d08a,edc665d83316b9b1,1s90075,stocks,1774992336.0,odkupyv,comment
c1117f60e9a382ee,ec836076b0262358,1s90075,stocks,1774992568.0,odkvio4,comment
7f28e77a0112d725,0b5c7d783883ac6e,1s90075,stocks,1774994972.0,odl3p6d,comment
2eb27cb742c3ab47,f674d8b773764c7a,1s90075,stocks,1774995176.0,odl4d2w,comment
f674d8b773764c7a,9aa8751559ab77cf,1s90075,stocks,1774998088.0,odldf86,comment
119898923de77f51,2a3d1f5114ab2211,1s90075,stocks,1774999527.0,odlhwl0,comment
5844fe6ec2be8631,dab91e54f58535c7,1s90075,stocks,1775002939.0,odlsgux,comment
f73fb48ac5f550f0,0b5c7d783883ac6e,1s90075,stocks,1775005337.0,odlzqzb,comment
c7576872d67e739b,0fa92cb3b60d075c,1s90075,stocks,1775006919.0,odm4jtv,comment
10e9a8531dc0a233,3277ef9f89447ded,1s90075,stocks,1775026846.0,odng8y0,comment
fb490a1ddf5819f2,37f9415662503924,1s90075,stocks,1775031246.0,odno7rd,comment
e00578a7c78d1334,10e9a8531dc0a233,1s90075,stocks,1775036448.0,odnxlyu,comment
4da17e3aaf9143ab,b0516e77a7e87184,1s90075,stocks,1775059821.0,odpuu8d,comment
05d484330e4906a7,43989daf29419dc4,1s90075,stocks,1775068072.0,odqpg80,comment
4c17ce28994c9baa,a1e3426337c735d6,1s9stvv,worldnews,1775068366.0,odqqipy,comment
0277902866c64cbf,acece216f9e5cbea,1s9stvv,worldnews,1775068782.0,odqs04v,comment
1d0985fe8cb182cd,9c72739b706c8e63,1s9stvv,worldnews,1775068936.0,odqsk2t,comment
cfae33e6f43ca9f1,0c4ef44d5eea8ad6,1s9stvv,worldnews,1775068991.0,odqsr8y,comment
da5aa9261105ed77,09527faa88867a96,1s9stvv,worldnews,1775069465.0,odquhkt,comment
d93a4ca8beeb887c,0c4ef44d5eea8ad6,1s9stvv,worldnews,1775069490.0,odqukqi,comment
99ee28e52953731e,adc38123acc46185,1s9stvv,worldnews,1775069599.0,odquz7j,comment
cb330674c1dfb6b6,d392e40186f69578,1s9stvv,worldnews,1775069657.0,odqv6w6,comment
a887612cb3501ebb,d392e40186f69578,1s9stvv,worldnews,1775069827.0,odqvtck,comment
ee11eb04c4da04ed,ddce27620ec0c3a5,1s9stvv,worldnews,1775069829.0,odqvtie,comment
4d1b2ba2e5693cf3,01798df564c70d95,1s9stvv,worldnews,1775070311.0,odqxk3w,comment
a0667719495ce0ca,adee030b1664edd7,1s9stvv,worldnews,1775070423.0,odqxyr0,comment
d2a203537ae5c656,0c4ef44d5eea8ad6,1s9stvv,worldnews,1775071068.0,odr0asm,comment
940d6f8a3663dbaf,d41a9d88d3041064,1s9stvv,worldnews,1775071732.0,odr2ol2,comment
07c587db4f6ad50c,0c4ef44d5eea8ad6,1s9stvv,worldnews,1775072228.0,odr4fxh,comment
6dab1d6d6fc56bb1,d41a9d88d3041064,1s9stvv,worldnews,1775081693.0,ods1el0,comment
54dbe5af082e4dc8,0c4ef44d5eea8ad6,1s9stvv,worldnews,1775084266.0,ods92l2,comment
dab91e54f58535c7,b3c12c56ca0d2566,1s90075,stocks,1775140847.0,odw3yix,comment
8e64200990f33bcb,d87990df8ee458d0,1sb85by,oil,1775206641.0,oe1f9ua,comment
525d5c9ae8dfca60,8e64200990f33bcb,1sb85by,oil,1775206721.0,oe1ff6p,comment
6724257086fc6d9d,7a33c6bf1c891225,1sb85by,oil,1775206936.0,oe1ftsn,comment
f45e629262a62a24,8e64200990f33bcb,1sb85by,oil,1775207529.0,oe1gwk1,comment
5ab7d06f0d71f735,691e71fa0c077143,1sb85by,oil,1775207847.0,oe1hhjy,comment
3eab580df5a6df6b,d8e25c917056efd4,1sb85by,oil,1775208864.0,oe1jdlx,comment
de90d424789cac41,8e64200990f33bcb,1sb85by,oil,1775210444.0,oe1mf6i,comment
05aec0fb045fbb88,d8e25c917056efd4,1sb85by,oil,1775211345.0,oe1o88h,comment
3084e2f7d3558e80,91fbf48ef7858763,1sb85by,oil,1775215029.0,oe1w4r6,comment
9516f19b851e8eb7,830b0a7a7ddb4b0e,1sb85by,oil,1775218168.0,oe23r9s,comment
830b0a7a7ddb4b0e,eb083000ff6bedb0,1sb85by,oil,1775218484.0,oe24lg2,comment
902638282dd7e0cd,08652f3e830f7ab7,1sb85by,oil,1775219812.0,oe286e1,comment
00b6dbef0bfa3856,e0b034493e7e59a3,1s9stvv,worldnews,1775219966.0,oe28lun,comment
4dca4632fdebb836,c2315034648dd4c6,1sb85by,oil,1775221635.0,oe2diy9,comment
0302d7a0b029d9cc,9516f19b851e8eb7,1sb85by,oil,1775222247.0,oe2fee7,comment
599c7a7cbca6a485,902638282dd7e0cd,1sb85by,oil,1775224595.0,oe2mshx,comment
eadadcce3929d732,c2315034648dd4c6,1sb85by,oil,1775228371.0,oe3044q,comment
4917ae16add3ca9c,830b0a7a7ddb4b0e,1sb85by,oil,1775228669.0,oe317os,comment
e261ea26c1bb138c,f8a353abb91b7b96,1sci99j,geopolitics,1775331739.0,oeb5py1,comment
ed77a849a558585c,e261ea26c1bb138c,1sci99j,geopolitics,1775333351.0,oebb3q3,comment
ed77a849a558585c,86304fb7dc642178,1sci99j,geopolitics,1775333733.0,oebce39,comment
1c44d36c2fe23012,98d93913c80956d1,1sci99j,geopolitics,1775351490.0,oectykb,comment
f8a353abb91b7b96,8c9ff5a34fa0ab88,1sci99j,geopolitics,1775356373.0,oed72dm,comment
efdac60c972a6fe3,6f2bf4f3b4f8a0fd,1sci99j,geopolitics,1775356949.0,oed8kaj,comment
8af25caed966c13c,6524fb3e95817bde,1sci99j,geopolitics,1775371503.0,oee4l0c,comment
5d07a055c53a8ae8,340a808d8aee539c,1sci99j,geopolitics,1775397160.0,oefmijb,comment
41dfec241d5441e9,ff9405559457f0db,1sci99j,geopolitics,1775443290.0,oejomy7,comment
013d72e35851300d,5d600671ebac086e,1sey6ua,worldnews,1775574304.0,oetcxh6,comment
b7b6154408bb99cf,819be8e887a61d71,1sey6ua,worldnews,1775574456.0,oetdhot,comment
44c86517a13c0dc9,3ecc10cb8c994d01,1sey6ua,worldnews,1775574635.0,oete5zl,comment
0198e019759dbf29,76e61380cb95da51,1sey6ua,worldnews,1775574637.0,oete670,comment
3b807daecc0337e7,b38162e1741454a2,1sey6ua,worldnews,1775574743.0,oetekre,comment
edec155d78f5e94a,036cc457ac1bb02b,1sey6ua,worldnews,1775574797.0,oetesb1,comment
3165145067a327e1,89f201012c591c0c,1sey6ua,worldnews,1775575031.0,oetforz,comment
159c8c81883b1735,b5b104feeaf13b8c,1sey6ua,worldnews,1775575127.0,oetg21s,comment
0da6c315ddd77268,c64b833ddba1413d,1sey6ua,worldnews,1775575321.0,oetgt08,comment
60cc4acb5c40ff76,96aafceabbb882f8,1sey6ua,worldnews,1775575614.0,oethxac,comment
a9f9219cfd3746ba,f6f2edd25a20ed84,1sey6ua,worldnews,1775576418.0,oetkypq,comment
ec1e5e5cf9db23ad,bb529f6a4ffec1b6,1sey6ua,worldnews,1775578075.0,oetraez,comment
88b5b31f4db367d9,149cb9d86e51aa69,1sey6ua,worldnews,1775579096.0,oetv4rn,comment
b225eaa99ec42055,c5b29721302d84f4,1sey6ua,worldnews,1775579781.0,oetxp8w,comment
be40314dc416d5c8,c971c943700ef257,1sey6ua,worldnews,1775580274.0,oetzkvm,comment
32eb44cd296ffbc4,3239cb31cb67b4a5,1sey6ua,worldnews,1775580736.0,oeu1dce,comment
bacaf687671b8e40,ca89a142fd92e114,1sey6ua,worldnews,1775583829.0,oeudbwb,comment
0fc3280207b82206,67baaec419229ff4,1sey6ua,worldnews,1775585415.0,oeujfo0,comment
d065cea674e53e73,a08386a507c663a4,1sey6ua,worldnews,1775587696.0,oeurzmg,comment
49f824b37548ef07,ef450da1900f56ca,1sey6ua,worldnews,1775593286.0,oevbl09,comment
50590fc944b678ac,88b5b31f4db367d9,1sey6ua,worldnews,1775593734.0,oevd081,comment
b646229ad8dabe45,02df57d21ba61987,1sfb4mf,worldnews,1775601717.0,oew2xf3,comment
8f0515f72a96f164,32b14a02370ace0a,1sfb4mf,worldnews,1775602688.0,oew62s1,comment
7063bf21f6d584d9,5c31bccf42d7af59,1sfb4mf,worldnews,1775604590.0,oewc9dp,comment
4e48171858ff50be,168132d7e1eea96b,1sfb4mf,worldnews,1775607271.0,oewkk45,comment
efa6ac147b82d925,127ff60f1c5eba1a,1sfb4mf,worldnews,1775611175.0,oewwft9,comment
799c2c5d6277015a,415523a41b925a11,1sfegho,geopolitics,1775613230.0,oex2nsd,comment
a3adb95f9a46546a,04088730b396fe80,1sfegho,geopolitics,1775613618.0,oex3vi5,comment
14c646219591e1cf,40cfb052e56200f8,1sfegho,geopolitics,1775613985.0,oex4zcr,comment
3f43a13b1f01403e,0be6485c1f876453,1sfegho,geopolitics,1775614231.0,oex5q39,comment
40cfb052e56200f8,14c646219591e1cf,1sfegho,geopolitics,1775615419.0,oex96zq,comment
e261ea26c1bb138c,a85816689cfe2f2f,1sfegho,geopolitics,1775620940.0,oexns46,comment
1e4e35f81d0ef669,b8f2ebfe8ef244be,1sfegho,geopolitics,1775621040.0,oexo0z1,comment
f2644f9e0cf3ba50,613b73a34c13fd6d,1sfegho,geopolitics,1775625316.0,oexxpo1,comment
1f19836a2238996a,7f28f9d9802c4028,1sfegho,geopolitics,1775626564.0,oey0b5i,comment
cbc0df81a0a76d32,b16f47641ab5eb5a,1sfegho,geopolitics,1775628535.0,oey4a5r,comment
a4cafad749a736b9,f2644f9e0cf3ba50,1sfegho,geopolitics,1775629751.0,oey6mxa,comment
638c8b3f36908a88,55d391618348f419,1sfb4mf,worldnews,1775634735.0,oeyfrxa,comment
d00860438f9234ff,8c9ff5a34fa0ab88,1sfegho,geopolitics,1775635509.0,oeyh6lt,comment
1af9205964d17f8c,d7da123a444cae07,1sfegho,geopolitics,1775639841.0,oeyox6t,comment
d07cb57e704e820d,d00860438f9234ff,1sfegho,geopolitics,1775650616.0,oezcy22,comment
81c89d9a19435ed8,c5697ee7bbeb7bc0,1sftlw6,oil,1775657911.0,of00ffz,comment
a3b09cc0359e276c,1348349f7e8fb3ec,1sftlw6,oil,1775658629.0,of03060,comment
5c707c6b6c1f1146,54f105d75efa080a,1sftlw6,oil,1775658666.0,of034zy,comment
079c3760c1afa86b,2ba25bd5ddac4308,1sftlw6,oil,1775659279.0,of05cij,comment
6b3f8f6c6a791520,6a052fc3d4ad5328,1sftlw6,oil,1775659506.0,of066al,comment
5143c9c94a70a920,bce6b13bdfd0685e,1sftlw6,oil,1775659743.0,of071hy,comment
eeeaf014999dbc7a,fab3a4994f2c69fc,1sftlw6,oil,1775661854.0,of0ewa6,comment
9e8f4ace1487f4ac,90c023bfee788b0a,1sfwg7f,Economics,1775664370.0,of0oc15,comment
a02c5e213813c56b,1db000241abeed19,1sfwg7f,Economics,1775665430.0,of0s7te,comment
64dbfd9ce0e6fd00,6e0fdd624c3336fd,1sfwg7f,Economics,1775665783.0,of0tiwx,comment
efefbc00e6b0e56f,a02c5e213813c56b,1sfwg7f,Economics,1775666495.0,of0w4ay,comment
79eb6941b44b3076,64dbfd9ce0e6fd00,1sfwg7f,Economics,1775667429.0,of0zlsh,comment
2cf00d98a08d10ea,e94adf18410dcc10,1sfwg7f,Economics,1775667485.0,of0ztjv,comment
47c8427b458705da,3055fe15c18edcfc,1sftlw6,oil,1775669013.0,of15kxs,comment
06f1724d68eb27ca,caa6a19394f6f7b9,1sfwg7f,Economics,1775669211.0,of16bya,comment
06f1724d68eb27ca,6683282348f2a575,1sfwg7f,Economics,1775669320.0,of16qu3,comment
2cf00d98a08d10ea,2d574611050c4505,1sfwg7f,Economics,1775669650.0,of17zky,comment
486e07c1bfc08b98,44b602c82aa9c347,1sfz9ct,stocks,1775670493.0,of1b7fq,comment
2c2aab0077b42e56,20db7a85571f8f33,1sfz9ct,stocks,1775671058.0,of1dd04,comment
66105f32c5d82259,e1ec476b580aae7f,1sfz9ct,stocks,1775671225.0,of1dzwl,comment
1d8d65e0225de1bc,5e5d1f8843979c06,1sftlw6,oil,1775672076.0,of1h5uc,comment
6683282348f2a575,06f1724d68eb27ca,1sfwg7f,Economics,1775673028.0,of1ko0d,comment
f44cf81b6d6c331b,1883efa86125d7e1,1sftlw6,oil,1775675377.0,of1t8fn,comment
bb2f48a85d0c2baa,19ea98f8b2c68a30,1sfz9ct,stocks,1775676085.0,of1vt5u,comment
e29dc01447b0e3ff,b23a38c87295a870,1sfz9ct,stocks,1775676166.0,of1w3vi,comment
80944e43de3b3036,5c707c6b6c1f1146,1sfz9ct,stocks,1775678010.0,of22vvq,comment
19ea98f8b2c68a30,1b189a731927dc3a,1sfz9ct,stocks,1775678109.0,of239i6,comment
6119acf3b68b8715,ac883751b3090588,1sfwg7f,Economics,1775678121.0,of23b3s,comment
6d1ed0f78b6ef144,2ba25bd5ddac4308,1sftlw6,oil,1775684509.0,of2qj3o,comment
541319e8c1530301,9ebca34ee556f6e7,1sftlw6,oil,1775685001.0,of2s6li,comment
4b6cd7536a6429dc,44b602c82aa9c347,1sfz9ct,stocks,1775687193.0,of2z94g,comment
b3ffb807ab006b15,35d5a4e73c8c0759,1sftlw6,oil,1775691874.0,of3dhjd,comment
ac883751b3090588,eea011e6023e7671,1sfwg7f,Economics,1775698135.0,of3vqsz,comment
dedef7feace7c9cd,5a424f94b8c70b63,1sgc807,investing,1775700798.0,of43f20,comment
1b6ebd2393160be4,e3d6b4adce99a711,1sgc807,investing,1775707740.0,of4ljb7,comment
d417e5e6c241df50,3a72aa8f8cdcae97,1sgc807,investing,1775709772.0,of4q7i8,comment
d3982fd86ed56ef6,4e40a84a88977cda,1sfz9ct,stocks,1775711532.0,of4u10b,comment
afb685113e96b5c3,e6a4ce949a9a88d2,1sgc807,investing,1775715436.0,of51yun,comment
eaae4edfb0418d74,760a5f63eb55b620,1sgc807,investing,1775716263.0,of53kvk,comment
58018b0c03445c92,d78339a139780262,1sgodk4,oil,1775738514.0,of6f9pd,comment
6de7283faef1967e,d78339a139780262,1sgodk4,oil,1775739139.0,of6h7u1,comment
2df8872a84a7e212,7f240c41f3f08015,1sgc807,investing,1775739316.0,of6hs9i,comment
bfaef913b33a0af1,fc39dbb2fec24c7e,1sgodk4,oil,1775739881.0,of6jlpr,comment
b81382cc3a8e461f,81ea20db61130766,1sgodk4,oil,1775742204.0,of6ra5r,comment
24a5a18eb6c29cb7,70b92a4cb67ba3c1,1sgc807,investing,1775747734.0,of7bf27,comment
37e71045daccb5c2,a093ebbd873e7a65,1sgr6u2,energy,1775747953.0,of7c8vj,comment
ac65ed2d2279d9aa,aceda7ff36754447,1sgr6u2,energy,1775748087.0,of7cr3u,comment
f179206b1a6590a5,7ec65322c976a417,1sgodk4,oil,1775749218.0,of7gzhl,comment
9bee28a1d2091c71,e749b0bfbc13386a,1sgr6u2,energy,1775749514.0,of7i3l8,comment
f179206b1a6590a5,57f44914904fe62e,1sgodk4,oil,1775749713.0,of7ium1,comment
c163a68342064cea,4ba7543b7cdf4769,1sgc807,investing,1775762105.0,of8tdh5,comment
0ef62f143ec0e495,44b602c82aa9c347,1sfz9ct,stocks,1775767337.0,of9cl6e,comment
2cfbde62649dc214,9ff397611a77bad0,1sgr6u2,energy,1775771548.0,of9r45w,comment
62b6837a752321e6,e4b1b06ffba4fe35,1sgc807,investing,1775773097.0,of9w1nl,comment
7b1b46541cf4880e,9a8e8f0680c0a619,1sgr6u2,energy,1775780480.0,ofaicbj,comment
d909d85296345544,a5ceb0f3babffaf8,1sgr6u2,energy,1775809345.0,ofcela5,comment
f5188d3f79bd9849,90c47c673774c69d,1sgr6u2,energy,1775831838.0,ofe122y,comment
17522f2bc5caa95c,15f1504b8c5ac6f1,1sgr6u2,energy,1775879309.0,oficcdx,comment
6093649ded16bcca,a36df2cb328b7071,1sjf29j,stocks,1776002004.0,ofr3k6l,comment
7a00e1c97a47ef6e,6093649ded16bcca,1sjf29j,stocks,1776002041.0,ofr3ocw,comment
92525ec0dcaceb06,577f5b52e25686fd,1sjf29j,stocks,1776002207.0,ofr47e0,comment
94732a229edfa4c1,e57e5101feb0954a,1sjf8vx,wallstreetbets,1776002481.0,ofr52j2,comment
cbe49ac30d4d8e3d,6ad70f634fba7694,1sjf29j,stocks,1776002538.0,ofr58v0,comment
3055fe15c18edcfc,c4a3056e8d0d07e4,1sjf29j,stocks,1776002544.0,ofr59m0,comment
9ee5df8500350ab4,770a0a9325b54792,1sjf29j,stocks,1776002687.0,ofr5pw0,comment
25d20aa3c82485a9,3472cb012e4980dd,1sjf29j,stocks,1776002852.0,ofr68zm,comment
67357b7a93ea2b72,9ce3e3e367c0c7d5,1sjf29j,stocks,1776003184.0,ofr7bgm,comment
e333ce884eb39855,1e814b99854fd7ee,1sjf29j,stocks,1776003211.0,ofr7en6,comment
b4c6275763721d02,770a0a9325b54792,1sjf29j,stocks,1776003241.0,ofr7ia7,comment
109fabd9ef4216f1,40319cc9206768b8,1sjf29j,stocks,1776003731.0,ofr955c,comment
a232508f522b8e0c,b1699dd3b740c2d6,1sjf29j,stocks,1776003845.0,ofr9jb2,comment
67357b7a93ea2b72,8a26f832e546937c,1sjf29j,stocks,1776004047.0,ofra90n,comment
5dc88a6aed9f773e,863ccb36dfd53183,1sjf29j,stocks,1776004092.0,ofraelr,comment
d04b04e95a46b940,c4a3056e8d0d07e4,1sjf29j,stocks,1776004260.0,ofrazv4,comment
f14cb1f499bb210e,08f3c19a7fc2d95c,1sjf8vx,wallstreetbets,1776004494.0,ofrbt26,comment
3357f288bf2e5340,1cbd8bcecdf51d19,1sjf8vx,wallstreetbets,1776004583.0,ofrc46d,comment
4e0ed5c7fdf55aab,1ed4a2c96f4e6bd4,1sjf29j,stocks,1776005485.0,ofrf8bf,comment
b75a926a57691c2a,29a98526f02beb7d,1sjf29j,stocks,1776005678.0,ofrfuzw,comment
e621d0ce3a264748,090789d59f23193a,1sjf29j,stocks,1776005781.0,ofrg78y,comment
08f3c19a7fc2d95c,186ff95d4cc6dfc1,1sjf8vx,wallstreetbets,1776008385.0,ofrpdkq,comment
186ff95d4cc6dfc1,08f3c19a7fc2d95c,1sjf8vx,wallstreetbets,1776010431.0,ofrwt8h,comment
03c921535799520b,1cbd8bcecdf51d19,1sjf8vx,wallstreetbets,1776010485.0,ofrx08e,comment
827cfb9814d6fd32,e57e5101feb0954a,1sjf8vx,wallstreetbets,1776010689.0,ofrxqoc,comment
186ff95d4cc6dfc1,08f3c19a7fc2d95c,1sjf8vx,wallstreetbets,1776013017.0,ofs65zk,comment
b1587e9cb2d707a7,8aa76fdf0b6a64f6,1sjf29j,stocks,1776016242.0,ofsi3io,comment
6093649ded16bcca,5be44c07ff5d1edc,1sjf29j,stocks,1776082155.0,ofxacrh,comment
38ced0aa69f87cac,3ab2c804925e63ab,1sjf8vx,wallstreetbets,1776103831.0,ofzf5tg,comment
8f0506e6346ae206,fce2284feee7031c,1sm47ff,oil,1776255930.0,ogbd4zn,comment
4684fa0095beedcc,8f0506e6346ae206,1sm47ff,oil,1776256116.0,ogbdoib,comment
25711fb2f693939a,fe0e048a40166ab3,1sm47ff,oil,1776256331.0,ogbeb08,comment
fb584cff69091c11,02a49553bcf060df,1sm47ff,oil,1776256758.0,ogbfkh9,comment
741f1c8e58915d8f,f63479ddf9edc6df,1sm47ff,oil,1776256828.0,ogbfry5,comment
7ef5ca41cbbc17b2,ed48db99bd719c06,1sm47ff,oil,1776259409.0,ogbnwh4,comment
3554e94025324fa9,9e17a868f98e5756,1sm47ff,oil,1776259522.0,ogbo9th,comment
4227193116a65315,d60a1fbeb359b2f1,1sm47ff,oil,1776259719.0,ogboxaw,comment
176fd479c1d5cab0,e034b46ba6bc25d8,1sm47ff,oil,1776262149.0,ogbx4p7,comment
9fbf1568e1a02fde,603da0186ef16c74,1sm47ff,oil,1776262379.0,ogbxy3b,comment
205eca2c606d7782,4684fa0095beedcc,1sm47ff,oil,1776265507.0,ogc9dyf,comment
e485828117615dd5,0e60f1520c213741,1sm47ff,oil,1776266515.0,ogcd4cd,comment
8d4cf9aa1d5e1366,cd33056b5aa3dd70,1sm47ff,oil,1776272356.0,ogcz02m,comment
5a83a7215d5b0a1f,fe0e048a40166ab3,1sm47ff,oil,1776274088.0,ogd5mcf,comment
58855d8c63a065db,7e4327c3326eb0fb,1sm47ff,oil,1776281708.0,ogdy1xy,comment
6f66a6a812c400ed,4684fa0095beedcc,1sm47ff,oil,1776281795.0,ogdydaa,comment
7e919f13183e8106,ed48db99bd719c06,1sm47ff,oil,1776285973.0,ogedumo,comment
90760bda28579187,4684fa0095beedcc,1sm47ff,oil,1776286194.0,ogeeozi,comment
addbf0d95e8de8b8,894f91d99a24948d,1sm47ff,oil,1776305457.0,ogg25vp,comment
45c87619934f0919,ccd8331930d69c03,1sn1xge,energy,1776343461.0,ogifac3,comment
2bb58f7514a5e851,ccd8331930d69c03,1sn1xge,energy,1776343639.0,ogifu2t,comment
ac67ebd411d61cbe,805ef741309d5a60,1sn1xge,energy,1776343778.0,ogig9g2,comment
2b52ab27b8c91981,ac67ebd411d61cbe,1sn1xge,energy,1776344199.0,ogihlju,comment
3def437bcfb79337,0282116597ea0420,1sn1xge,energy,1776345671.0,ogimczb,comment
51257e4c214df97d,990eaa4e47dc1f27,1sn1xge,energy,1776345769.0,ogimofc,comment
c0d7fe767ae85058,e050549c4f65f982,1sn1xge,energy,1776347552.0,ogisn07,comment
998436ca3a9cbcd6,4a547b5e02b1f52e,1sn1xge,energy,1776349589.0,ogizxba,comment
42d3a78a7c040b30,da7249cc9ca95403,1sn1xge,energy,1776349641.0,ogj041q,comment
15fad5fbe3d14e68,d8f9c855440630a0,1sn1xge,energy,1776349930.0,ogj15za,comment
99788a3547324c10,d8f9c855440630a0,1sn1xge,energy,1776351928.0,ogj8lln,comment
b2486b9113e1505c,69d05cbc5d0b0497,1sn1xge,energy,1776352770.0,ogjbr9x,comment
42d3a78a7c040b30,4a547b5e02b1f52e,1sn1xge,energy,1776354733.0,ogjj7fi,comment
94aaa457c1fa6be1,69d05cbc5d0b0497,1sn1xge,energy,1776359301.0,ogk0d9r,comment
c9b22b5f6a3c0e0b,bc35beadc1bf83c1,1sn1xge,energy,1776359378.0,ogk0ny5,comment
a29896e8b9e91a3e,14bca44275262993,1sn1xge,energy,1776362002.0,ogkap4i,comment
ac2d7a250c6f5d45,cf62c239f16c0752,1sn1xge,energy,1776363700.0,ogkh1d1,comment
ac2d7a250c6f5d45,7daf39db1b372e0c,1sn1xge,energy,1776364931.0,ogklk5s,comment
126962f98312b809,c2798f68d4467082,1s90075,stocks,1776374945.0,ogllipc,comment
9d337821139fa78a,01426a5c8b837006,1sn1xge,energy,1776436876.0,ogpzqwb,comment
a4f61ff356d26f34,91b3e08e72971780,1sofb6a,stocks,1776464622.0,ogsp6xl,comment
afb71c5f59991214,dea3dcc8ed3a8c33,1sog9w9,wallstreetbets,1776466738.0,ogsvbbo,comment
8a1477f1d8c1ef66,59a9fb80c93bd171,1sog9w9,wallstreetbets,1776467781.0,ogsybso,comment
6d86413d1127ea0c,528b9396d497ebdb,1sog9w9,wallstreetbets,1776467870.0,ogsyl9q,comment
73933d4d75e992f6,c71c12c7a43610e0,1sog9w9,wallstreetbets,1776468602.0,ogt0ph8,comment
4c4fbf14cbf89b49,0ebff62a8befeb53,1sog9w9,wallstreetbets,1776469356.0,ogt2vg6,comment
b6519cdfe18fd04b,29c3d71b5cdbd8d1,1sog9w9,wallstreetbets,1776472159.0,ogtantv,comment
7c5e118ce1de63ea,c0369ca16e0ca3df,1soioyd,Economics,1776472757.0,ogtcaiu,comment
f482549bf49ea4eb,117a4dabc9e680dd,1soidlb,Economics,1776472893.0,ogtcnq3,comment
c81ef4f8c69bce90,f482549bf49ea4eb,1soj35i,investing,1776474916.0,ogti996,comment
9b3ea8b7d01a7685,f482549bf49ea4eb,1soj35i,investing,1776475657.0,ogtk9yv,comment
aaae319d373a8a76,dec8ef7a5cd9478d,1sofb6a,stocks,1776476055.0,ogtlcth,comment
52dd974e5e4cd0c6,a864197ad0a2eb53,1soj35i,investing,1776477159.0,ogtochh,comment
9814e633be12323b,254cb21d7f5e6dba,1soj35i,investing,1776477261.0,ogtomec,comment
80ce96a35d770518,f482549bf49ea4eb,1soj35i,investing,1776477268.0,ogton1y,comment
e7f6f2b94d415709,b579db3bfa6a5b51,1soj35i,investing,1776479613.0,ogtuwwu,comment
49b1716f45afdf09,dea3dcc8ed3a8c33,1sog9w9,wallstreetbets,1776491162.0,ogulggr,comment
857dc23d00f49054,09bc8866a0ca8f29,1sop2m8,wallstreetbets,1776505352.0,ogvbsq4,comment
693370139b6fff78,bec0ef10d85e3c2c,1sofb6a,stocks,1776507842.0,ogvgele,comment
57c46ec291ca6e7b,e2530b27f987a6a9,1sovdzp,wallstreetbets,1776513354.0,ogvs9qw,comment
aec580fd94feb571,2213dcbc2d2f361f,1sovdzp,wallstreetbets,1776513461.0,ogvsj0l,comment
6607a4e3ffe6463e,f835c0536ac2aa70,1sop2m8,wallstreetbets,1776513914.0,ogvtmvw,comment
94b2120e25b23b71,efaa8318d15894f0,1sovdzp,wallstreetbets,1776514116.0,ogvu4m6,comment
9e5eca77bb625329,b8427c3f19a04505,1soidlb,Economics,1776514947.0,ogvw8j0,comment
e2b3304d9705efff,f38c965363481c2c,1sovdzp,wallstreetbets,1776516594.0,ogw0m68,comment
990a8cdc598dac76,0a5f24f2b856957c,1soioyd,Economics,1776518268.0,ogw5byz,comment
d4cf87dbed96a56e,f482549bf49ea4eb,1soidlb,Economics,1776523519.0,ogwlm2s,comment
7851d732b5b57e7f,7fa004260015bd53,1sovdzp,wallstreetbets,1776523636.0,ogwm03a,comment
61c09d62c533e28c,f38c965363481c2c,1sovdzp,wallstreetbets,1776525373.0,ogwrvkl,comment
5499a3b9af4ecafb,318b26ef513ea6b5,1sop2m8,wallstreetbets,1776525406.0,ogwrzfl,comment
f38c965363481c2c,aea7fb2fd52b6ebb,1sovdzp,wallstreetbets,1776529750.0,ogx6kxj,comment
2d76dc3da7b26564,6845b738f2db1e43,1sop2m8,wallstreetbets,1776529846.0,ogx6wam,comment
ad6799409fe51c80,6b12e0d022e95be3,1soidlb,Economics,1776532695.0,ogxglwb,comment
578925ea2e883e84,a460c4d2cce7df24,1soioyd,Economics,1776536841.0,ogxuwgm,comment
578925ea2e883e84,06f1724d68eb27ca,1soioyd,Economics,1776538187.0,ogxzexv,comment
5d07a055c53a8ae8,914fa8779da70c04,1soj35i,investing,1776541809.0,ogyb5u4,comment
2cec250c102dcb13,4e2d51022fb4b150,1soj35i,investing,1776550296.0,ogz2i87,comment
4af4838220cc3b8e,ec836076b0262358,1soidlb,Economics,1776563927.0,oh04x9y,comment
ddca3a622d6fe0f4,be7e722e5d7fe2c3,1sovdzp,wallstreetbets,1776601956.0,oh2ctk4,comment
53d1a62f2b0a8969,91b3e08e72971780,1sofb6a,stocks,1776616415.0,oh3obgl,comment
91b3e08e72971780,53d1a62f2b0a8969,1sofb6a,stocks,1776617334.0,oh3rlq7,comment
84a9c7765539e862,710169250c5ec0d3,1sop2m8,wallstreetbets,1776624450.0,oh4hop0,comment
4120557b657ca5fc,55d859b46885f8ac,1sovdzp,wallstreetbets,1776626663.0,oh4pcsp,comment
d7c45eee731d918b,b6a9e1ad199341c9,1suu3dk,energy,1777072520.0,oi3qxkr,comment
9200468b94933a89,6a6ea22a47312e1d,1suu3dk,energy,1777077259.0,oi44sts,comment
e070b3bd9cb22270,d7c45eee731d918b,1suu3dk,energy,1777080472.0,oi4e25i,comment
1814bcef35e1a0b4,24a697eeed95f66b,1suu3dk,energy,1777099637.0,oi5nh81,comment
ae7f5cc963544608,63f66b10a571cf6a,1suu3dk,energy,1777099918.0,oi5o0x2,comment
a650f9b095cdc52e,b39f6dbea93fd260,1suu3dk,energy,1777118228.0,oi6n3ab,comment
2b250fcb8f224789,a0c03c23a99a3797,1suu3dk,energy,1777124815.0,oi756uw,comment
52d2d682c49053cf,1d4ef402761729bf,1suu3dk,energy,1777140182.0,oi8la1j,comment
6269923d7361d953,452c7d82b1385cef,1suu3dk,energy,1777225597.0,oiewfi8,comment
94b6c67a37fcaedf,d2362468cb94b297,1suu3dk,energy,1777227450.0,oif31kj,comment
b8cea48c0c80a5b5,b88336324e81603f,1suu3dk,energy,1777276961.0,oiiqt24,comment
deab8a30ea7d3d02,fd0668904a54fe3b,1suu3dk,energy,1777427897.0,oiv26ys,comment
fc272a567a443c4b,c71684fa1b75c00d,1t4hkwi,energy,1777998165.0,ok31o32,comment
5c35665b83a3c876,e7f80672bdcff4d4,1t4i4pz,investing,1777998360.0,ok32ecq,comment
fc272a567a443c4b,c71684fa1b75c00d,1t4hkwi,energy,1777998536.0,ok33231,comment
85314e937202f9b4,66c6d9b7ef3de653,1t4hkwi,energy,1777999543.0,ok36t1w,comment
8782de928c84552b,ae49e8e57b03acd2,1t4hkwi,energy,1778006335.0,ok3w317,comment
e9e30007b3734cbb,610fee63351f87bf,1t4i4pz,investing,1778012895.0,ok4k300,comment
7f9527a0caae6a05,1546e69c1c9cd75f,1t4hkwi,energy,1778017452.0,ok507ir,comment
377c399709461150,25deaf1b3c34bc9a,1t4hkwi,energy,1778025790.0,ok5pthe,comment
69d05cbc5d0b0497,eaafd72b17bc0aa5,1t4hkwi,energy,1778032435.0,ok692gb,comment
52a0dfb491d6d048,25deaf1b3c34bc9a,1t4hkwi,energy,1778035229.0,ok6h7pe,comment
e4b39a1b565d4af0,7f9527a0caae6a05,1t4hkwi,energy,1778038360.0,ok6pj4u,comment
451cf547626cbb35,ac9ac203a350ea1e,1t4hkwi,energy,1778039455.0,ok6s7ff,comment
cd37b419a6d41f33,5fc35388626f409c,1t4hkwi,energy,1778040083.0,ok6tpp0,comment
a3ec14e5efa22bef,25deaf1b3c34bc9a,1t4hkwi,energy,1778045520.0,ok75nca,comment
5f96b0e962c7804e,aeef68c21860cf45,1t4hkwi,energy,1778049709.0,ok7e31d,comment
db7391d44521bf1c,00cc0c19bf8c8340,1t4i4pz,investing,1778050901.0,ok7gfju,comment
d44a254a27c194d7,eb92f0ddbad34f38,1t4hkwi,energy,1778051092.0,ok7gsns,comment
3d9a675970c85cb1,9468ac404796f239,1t4hkwi,energy,1778057986.0,ok7tkef,comment
7a489dfc0e115448,eaafd72b17bc0aa5,1t4hkwi,energy,1778064933.0,ok87ly7,comment
ac28e0fed4cafde0,25deaf1b3c34bc9a,1t4hkwi,energy,1778067498.0,ok8dzvi,comment
