source,target,video_id,channel_id,created_utc,comment_id
2455aeed451a87a3,573ca92e86fb2c91,iDoADuxZ_QI,UCupvZG-5ko_eiXAupbDfxWw,2026-04-02 11:55:48+00:00,Ugw-3X8pu1OXFO-AASd4AaABAg.AV5Ip73LOulAV5igqqKflj
1cfd7e812e5c428b,573ca92e86fb2c91,iDoADuxZ_QI,UCupvZG-5ko_eiXAupbDfxWw,2026-04-02 12:25:42+00:00,Ugw-3X8pu1OXFO-AASd4AaABAg.AV5Ip73LOulAV5m6olvuv8
be99a5c80f220c47,85bccc6b6f40f97b,rGlp1RhAWQo,UChF5O40UBqAc82I7-i5ig6A,2026-04-27 16:02:50+00:00,Ugw-Y3kAIaozTQZZ0vJ4AaABAg.AW1hpKxgtOnAW6XpyfZwBn
9648e6e0d85eb247,9972810dc88fa071,YPIkNV9D3Hk,UC6-y2wMNk24Fi-J2qbTTYQA,2026-04-25 21:27:13+00:00,Ugw-rqTfLnCdBDJ62K94AaABAg.AVxbtH4I_9dAW1yN88mF7Z
7e2e44e4a49186b5,e3b5f2de8ffb5bf2,M9gZ7AAoCxg,UC_gUM8rL-Lrg6O3adPW9K1g,2026-03-05 09:05:49+00:00,Ugw07xvfJ3PipWbItVp4AaABAg.ATyJXbuHdozATyJzJZmIzJ
4c4b6f1fda21a5fd,e3b5f2de8ffb5bf2,M9gZ7AAoCxg,UC_gUM8rL-Lrg6O3adPW9K1g,2026-03-06 03:08:10+00:00,Ugw07xvfJ3PipWbItVp4AaABAg.ATyJXbuHdozAU-FqcJyc9X
3af199e9f6f4cfdf,88a7d1094278c1e7,UiIan-aa4Hw,UCHZA_aJuGa4jEoJs6KW-_pw,2026-05-14 15:18:23+00:00,Ugw0U2DAev48SM0pSUR4AaABAg.AWevObJZaB4AWnEGHHl9J2
823a76c3009de662,666e8c7640357415,DN6PpoF90aI,UCz8QaiQxApLq8sLNcszYyJw,2026-03-30 18:54:27+00:00,Ugw1aZ9GkDNfLTqm5mZ4AaABAg.AUyUnWVhRXYAUzkDUdtU4D
d7ff6143c084d370,15a8adc9cee3364a,zJuLK1RLr5s,UCFQyVljCrdof5Uqmo8p3c0Q,2026-03-12 20:50:06+00:00,Ugw1byYdFKSXC5svlSZ4AaABAg.AUGa9lwXJwyAUGb8mkdbaM
a825ff442b5ce2c7,24632ac281a7ebdd,dBAp6nwvYdg,UCIHdDJ0tjn_3j-FS7s_X1kQ,2026-04-23 02:29:09+00:00,Ugw22HM_w15LdJKquBJ4AaABAg.AVuu7WgyGjoAVvmXtuhn72
4419257632379449,9619ab2ddbad5851,U-I0nbysAuQ,UCknLrEdhRCp1aegoMqRaCZg,2026-03-02 18:05:25+00:00,Ugw22eYEQ_MqHNcEC514AaABAg.ATp90TB1_pgATrZLnpbrh9
b48bea489a6da957,711b0366038c79ea,pdszb79VEbo,UCNye-wNBqNL5ZzHSJj3l8Bg,2026-03-16 00:40:15+00:00,Ugw36K4HwO3WO3YZQd54AaABAg.AUOh3nABLGLAUOjs5bGfoN
72723758988f0b62,4ce03d5bb5e86d0a,sFAd6Szmf28,UChF5O40UBqAc82I7-i5ig6A,2026-03-30 23:37:24+00:00,Ugw4Ngic0c3icSOnuK14AaABAg.AUzucvwGgzeAV-Fasgoy3Y
9f087cfa9c87f360,7125f67b4378b83a,Jn5GzGtpcls,UCVhtkN7-c8mA8GXEoxS4YQw,2026-04-09 17:44:26+00:00,Ugw6BnlezrNJM2QXK7Z4AaABAg.AVLFxOpG1AbAVON9TdU9Lw
505324cd88af62a5,2c9b5b34096ca148,pdszb79VEbo,UCNye-wNBqNL5ZzHSJj3l8Bg,2026-03-16 01:27:24+00:00,Ugw7BbG-yU9o-nGrLJl4AaABAg.AUOg6rycfJ6AUOpGPsgE8D
6eb019915e80942b,51135064c789ce5b,S7jJno67koQ,UC4SUWizzKc1tptprBkWjX2Q,2026-03-12 06:37:04+00:00,Ugw7CIh7e18Q90lb9Yl4AaABAg.AUEzMrOUwWyAUF4X16U_oR
38af96555c25c7bb,56eb7cef7f8185a0,ZNz9jTfliLc,UCndZODCxN_YaX1f8UoyFbMA,2026-05-11 16:33:18+00:00,Ugw7Ee7a9f8ero9i2I54AaABAg.AWfU1ihjueaAWfdSNPCwYm
9d8a3963d93f3492,8bc0b9f8dfa425f2,S7jJno67koQ,UC4SUWizzKc1tptprBkWjX2Q,2026-03-12 13:04:15+00:00,Ugw7JaMx_wmE-ctu-bZ4AaABAg.AUFE1f6ku9VAUFlpmGuFn0
2a67386317c414f9,5c23a8e2dd46dccb,nDeuSQOnT2s,UCNye-wNBqNL5ZzHSJj3l8Bg,2026-03-17 02:14:07+00:00,Ugw7KESL4A7wQ1atWe94AaABAg.AURN__kxBSdAURUPS2AmxI
b86b3b0539796170,2ca426d6946e1872,YWc8vMTkgK0,UCknLrEdhRCp1aegoMqRaCZg,2026-04-29 11:57:38+00:00,Ugw7g46r7w1KULLxgYN4AaABAg.AWB3ZwJODd9AWBFMvAlqcB
16b2f72d263cd026,255e22922bff85af,rGlp1RhAWQo,UChF5O40UBqAc82I7-i5ig6A,2026-04-27 13:53:29+00:00,Ugw8TYRinK_OhBY9IhB4AaABAg.AW4ZZ6qPMXdAW6J1eGkTaO
bcf2951b223fc2be,7d1004f38df2de93,pdszb79VEbo,UCNye-wNBqNL5ZzHSJj3l8Bg,2026-03-16 12:45:42+00:00,Ugw8e0hOREoWHoQ0jw54AaABAg.AUOrXXYTz5NAUQ1tNMRf20
de692120c7a1d271,3d2e33dae164eac3,ZNz9jTfliLc,UCndZODCxN_YaX1f8UoyFbMA,2026-05-11 16:48:26+00:00,Ugw8u2OHoKJuQMiib-J4AaABAg.AWfPIPB_9c3AWffBDaEgKf
bce08e8910b1c424,3d2e33dae164eac3,ZNz9jTfliLc,UCndZODCxN_YaX1f8UoyFbMA,2026-05-11 22:07:18+00:00,Ugw8u2OHoKJuQMiib-J4AaABAg.AWfPIPB_9c3AWgEfglyFz4
2ee6710fd4016d31,5c88fea4cba5f42e,Kh1uHUwZKJA,UC2jAaGokCVg5765VwbznCig,2026-05-11 20:47:24+00:00,Ugw8xcFdoVMYCuVH8p94AaABAg.AWflxwsM62UAWg5XUU-cSx
7dea28a7a944adf6,a9e02f753d7621b6,xd9boh45qC4,UC8p1vwvWtl6T73JiExfWs1g,2026-03-01 20:06:48+00:00,Ugw9J21AIJCKJ4dW3V54AaABAg.ATpBZiqfXz9ATpCRyqaH0j
a95e30769267607e,a9e02f753d7621b6,xd9boh45qC4,UC8p1vwvWtl6T73JiExfWs1g,2026-03-01 21:06:22+00:00,Ugw9J21AIJCKJ4dW3V54AaABAg.ATpBZiqfXz9ATpJGIhFIMo
e1f4dc5575eb9172,a9e02f753d7621b6,xd9boh45qC4,UC8p1vwvWtl6T73JiExfWs1g,2026-03-02 04:33:27+00:00,Ugw9J21AIJCKJ4dW3V54AaABAg.ATpBZiqfXz9ATq6Qo1RmKU
27b56c0f84733aa2,b327734ba985f714,gMDWo2Q2r_Y,UCrvhNP_lWuPIP6QZzJmM-bw,2026-04-08 19:11:59+00:00,Ugw9p2GO19p-Nx5yfzN4AaABAg.AVLsF87R8s4AVLxNjtiJku
ce643513a0b7c9bf,16a5f26b74ae3ee3,-oN9LSW2TnQ,UCrp_UI8XtuYfpiqluWLD7Lw,2026-03-18 09:57:19+00:00,Ugw9r4_X8bg5Aun2Rqd4AaABAg.AUQC1U5ssZrAUUtCqrdijW
fbe43b0def874600,03c3dc02cb3b6f54,AwkYY3l0IVY,UC83jt4dlz1Gjl58fzQrrKZg,2026-04-21 16:00:38+00:00,Ugw9tlHtZst7ngIUL1F4AaABAg.AVq_1Hl0nJtAVs4odI9Fu1
3e75042dccce6777,1b27c88b74c5ff2e,BTPfzJFYWuY,UCupvZG-5ko_eiXAupbDfxWw,2026-03-10 03:09:18+00:00,UgwAj2uX8qVeroXZXx54AaABAg.AU9UXtSdOs5AU9Z9UE-NFU
a2c6b41d6916659f,4f8ca0b36740d62a,5cpp2N0ngWY,UCIALMKvObZNtJ6AmdCLP7Lg,2026-03-02 11:28:18+00:00,UgwBMftwBu6UEsk_aY14AaABAg.ATqip-B77WUATqquCP5Y00
355d10a86e9adb05,46799a23ee58e1be,ddzF6ZQ6qC0,UCNye-wNBqNL5ZzHSJj3l8Bg,2026-03-14 07:07:59+00:00,UgwD2BBUwcSd_S6wO5V4AaABAg.AUISrrzauvAAUKHe8SHT0l
d58ec76e88d6e8be,d116ab19dc8e4ca4,ICBjPCfOTn4,UC-uhvujip5deVcEtLxnW8qg,2026-05-15 04:05:30+00:00,UgwDE6MRsIGp_9g5rrN4AaABAg.AWoSmNl-O59AWob2sDBjf2
75786ab31f81a573,03ed7f96d172b73b,dBAp6nwvYdg,UCIHdDJ0tjn_3j-FS7s_X1kQ,2026-04-22 19:53:54+00:00,UgwDmVZC6Lv4c-SNXSJ4AaABAg.AVv1aMgJPqmAVv4J-QCwTj
41a481e12240b818,20ee68c0e1a0c703,mNjVZCmf-D4,UCKgJEs_v0JB-6jWb8lIy9Xw,2026-04-14 16:02:09+00:00,UgwE97CTEwlo9xR0FuB4AaABAg.AV_guyRtbjxAVa3QhIAyAC
1c48db7c93476734,20ee68c0e1a0c703,mNjVZCmf-D4,UCKgJEs_v0JB-6jWb8lIy9Xw,2026-04-14 16:25:44+00:00,UgwE97CTEwlo9xR0FuB4AaABAg.AV_guyRtbjxAVa67NS3VND
481763fb70fe0127,e9d82db987e44f63,sFAd6Szmf28,UChF5O40UBqAc82I7-i5ig6A,2026-03-31 04:23:46+00:00,UgwEJR1D1T8jU0doNFB4AaABAg.AV-R3ZIeeXEAV-lNKOnIMI
4a697fb7b321727e,e2a08d944efabf2c,BlhMcQDS29Q,UCJnS2EsPfv46u1JR8cnD0NA,2026-03-18 01:53:12+00:00,UgwEJvMa_NRIYm-lkSZ4AaABAg.AUT6aIS89h4AUU0o9GAZyv
23c265cd91359741,2c6c4d91bb817b98,E3w9zA8Ih0k,UChLtXXpo4Ge1ReTEboVvTDg,2026-03-06 14:41:09+00:00,UgwEc_W9PktfODv4sHt4AaABAg.AU-T9b46-mCAU0V9BigHin
d91ff92e4fa27984,4b7d4011fe68d832,G3biH7PbBaY,UCQfwfsi5VrQ8yKZ-UWmAEFg,2026-03-14 20:22:05+00:00,UgwEy8hAjufUm2wB_jp4AaABAg.AULY4ALN33uAULhXKTNkJk
5788440546848a7c,9758bfeab3a2a24f,LgAuD554EGI,UC_gUM8rL-Lrg6O3adPW9K1g,2026-04-18 15:40:29+00:00,UgwG_fRtPZgjsi90JmF4AaABAg.AVk6087p81OAVkK7UxUM4T
c44e04d9289bb620,d0c1f6a4575b3995,E3w9zA8Ih0k,UChLtXXpo4Ge1ReTEboVvTDg,2026-03-06 13:34:38+00:00,UgwGyfE-qPIFR-jGIF54AaABAg.AU-MW7OfNUsAU0NY3Ijh3r
f3e643882c0bc6c5,05ccce674dfa0847,GskEgQ_hnUg,UCYPvAwZP8pZhSMW8qs7cVCw,2026-03-17 07:01:31+00:00,UgwHUfK8AMsS87PyadB4AaABAg.AUQSOrzdWqXAUS-IOmvkK_
71754093c21091ea,0739154e38edf35c,jZVMK-DwoPk,UChqUTb7kYRX8-EiaN3XFrSQ,2026-04-03 14:15:40+00:00,UgwJQcaeJqIPtsk5pd14AaABAg.AV8U9qdUPcRAV8YV6wXQHF
20d04f105e047bf8,be6e52152867fdc0,ds46PwOUy2g,UC3EmxrWVl7K8xBH_UVIWY4Q,2026-04-14 22:46:05+00:00,UgwJ_c2zRZpY1gDYQeZ4AaABAg.AVaXATFwSbOAVame5opU3h
740ac088c1c8247a,c58f2e68cf91a6db,GskEgQ_hnUg,UCYPvAwZP8pZhSMW8qs7cVCw,2026-03-16 16:05:50+00:00,UgwKxvgJDBBI9ruxG0Z4AaABAg.AUQCVXNzTlOAUQOnBzhGfd
118900b8aac60a37,c58f2e68cf91a6db,GskEgQ_hnUg,UCYPvAwZP8pZhSMW8qs7cVCw,2026-03-17 07:20:08+00:00,UgwKxvgJDBBI9ruxG0Z4AaABAg.AUQCVXNzTlOAUS1Qn3k-m2
a49056322e305926,b09ef8a629bb1639,Jn5GzGtpcls,UCVhtkN7-c8mA8GXEoxS4YQw,2026-04-15 04:54:26+00:00,UgwLTBVRvEMwuW8N5wZ4AaABAg.AVOfI6HC7yRAVbRnykGlad
d3e85ea63298be82,cd5fa9883f19da8f,AwkYY3l0IVY,UC83jt4dlz1Gjl58fzQrrKZg,2026-04-20 15:00:46+00:00,UgwLvN45JbjypCFDQKJ4AaABAg.AVov1N3KvEpAVpPAH525jT
bad4e8c72bdcdc13,cd5fa9883f19da8f,AwkYY3l0IVY,UC83jt4dlz1Gjl58fzQrrKZg,2026-04-20 18:04:20+00:00,UgwLvN45JbjypCFDQKJ4AaABAg.AVov1N3KvEpAVpjAmRN-uL
e8eaaab7a043b9b3,2a8707b2a2ed925d,xd9boh45qC4,UC8p1vwvWtl6T73JiExfWs1g,2026-03-01 21:08:05+00:00,UgwM4fPJIGEVm05xxu54AaABAg.ATpGrVsBR95ATpJStxTRnr
e221947b62020a4c,2a8707b2a2ed925d,xd9boh45qC4,UC8p1vwvWtl6T73JiExfWs1g,2026-03-01 21:26:39+00:00,UgwM4fPJIGEVm05xxu54AaABAg.ATpGrVsBR95ATpL_r7AVpY
288490d570f219b1,95a4a5444ec58659,Q4khQYmHVY4,UCZFMm1mMw0F81Z37aaEzTUA,2026-03-02 03:32:43+00:00,UgwMPjurOxVNeHGnQlJ4AaABAg.AToYWguFAfyATq-U32lFyk
8d50b4e61840b434,95a4a5444ec58659,Q4khQYmHVY4,UCZFMm1mMw0F81Z37aaEzTUA,2026-03-02 10:19:05+00:00,UgwMPjurOxVNeHGnQlJ4AaABAg.AToYWguFAfyATqizIfoXZJ
e418dd53756380e1,95a4a5444ec58659,Q4khQYmHVY4,UCZFMm1mMw0F81Z37aaEzTUA,2026-03-02 11:39:09+00:00,UgwMPjurOxVNeHGnQlJ4AaABAg.AToYWguFAfyATqs8mRF7Te
72d8495e7ed57f5a,c3dc321ec4f57ede,ddzF6ZQ6qC0,UCNye-wNBqNL5ZzHSJj3l8Bg,2026-03-15 14:17:27+00:00,UgwM_reGbjFgn-We-ZJ4AaABAg.AUGyGzVbhiuAUNcaVJAsnk
1ae1865da76458d8,de74b03619e58de8,EVcgvtPOfpk,UCNye-wNBqNL5ZzHSJj3l8Bg,2026-03-16 07:13:13+00:00,UgwMdu0xerOQYUNZkOl4AaABAg.AUNnwldCME9AUPRqFZorjK
56bbc9451815ff1d,9ab57faa57255587,mNjVZCmf-D4,UCKgJEs_v0JB-6jWb8lIy9Xw,2026-04-14 17:21:07+00:00,UgwOgPXfRMCyrDrxLNZ4AaABAg.AV_hZ6f1lMHAVaCSxYArTH
ea5923068ab40b0e,22a30847512f6d59,NZ7JW5k3cXg,UCEyPWPSLfrg1ue9Oq1wLr8w,2026-04-15 05:38:58+00:00,UgwOlUxynZ8vM1pQx4V4AaABAg.AVbWeEz3AbHAVbWu9qJIDp
b5cdad3f4cfa5a92,9b26c50c10423f57,70LnaGWcyw8,UCJD2Br_xC-3vY4nkJ9YPYDA,2026-03-17 08:22:27+00:00,UgwOpmoeHaZSYvhDZAh4AaABAg.AUFY3FiVhpMAUS8ZCZuRUk
ef7cc02f9b9295e6,f16dd1bc8149a577,Gk6xm5IuY4w,UCWJOjGOpN8oSVr_OoJLzk9g,2026-05-13 22:09:46+00:00,UgwOudWzX0xSHyULMLh4AaABAg.AWlFKEEJyvoAWlOYWyH9Rr
9968d708337e9fca,f585eede4dca4f0b,BdqQGidhq-8,UCYPvAwZP8pZhSMW8qs7cVCw,2026-03-13 15:36:34+00:00,UgwPThJ2h7-W_yV-8Pl4AaABAg.AUF9Om0lb1QAUIc3IR-euQ
62c83a3d34adc078,e47f390ae5f23ec6,zTthqX_vUKo,UC8p1vwvWtl6T73JiExfWs1g,2026-03-18 09:30:38+00:00,UgwPjBlW_UcIYigvKLR4AaABAg.AURI5Eqs60vAUUq9Tk7kN2
89f41dcdf4eb4ed7,0b9c34fd001c1fb8,xd9boh45qC4,UC8p1vwvWtl6T73JiExfWs1g,2026-03-01 20:01:12+00:00,UgwPtH2Jkey2_9JCOTR4AaABAg.ATpB8zzY0tiATpBo0YmF2u
c20172153f7673a2,f572593541aabfae,ptRGY5xHIGg,UCNye-wNBqNL5ZzHSJj3l8Bg,2026-03-17 08:59:52+00:00,UgwQTIRSIIDdiRlUW-l4AaABAg.AUQ4PsMsTniAUSCqDWinUb
93d9c66c0b19175c,aaf0a64a62ca5b3d,Xomy9NqBICQ,UCIHdDJ0tjn_3j-FS7s_X1kQ,2026-03-06 21:07:45+00:00,UgwQVYyiRUoSLVefAFl4AaABAg.AU188AA2uMoAU1BOoWMVDK
c58cb062c6be87a2,cb8bb0265b6d226d,Y7i146HPm5I,UCJp7gd3QZvweXGnevptxJng,2026-03-07 01:58:58+00:00,UgwRJ9Jk_JksR5Xc5Xl4AaABAg.AU1emv4DpypAU1hihD5G98
ec391247e58334a9,cb8bb0265b6d226d,Y7i146HPm5I,UCJp7gd3QZvweXGnevptxJng,2026-03-07 04:11:18+00:00,UgwRJ9Jk_JksR5Xc5Xl4AaABAg.AU1emv4DpypAU1wrzcU7gN
8042b7b8baa25601,cb8bb0265b6d226d,Y7i146HPm5I,UCJp7gd3QZvweXGnevptxJng,2026-03-07 15:06:46+00:00,UgwRJ9Jk_JksR5Xc5Xl4AaABAg.AU1emv4DpypAU36sk96ZbL
e8db53db4174b5ef,cb8bb0265b6d226d,Y7i146HPm5I,UCJp7gd3QZvweXGnevptxJng,2026-03-07 16:34:49+00:00,UgwRJ9Jk_JksR5Xc5Xl4AaABAg.AU1emv4DpypAU3GxhFTfid
dd3a2878dcf66426,cb8bb0265b6d226d,Y7i146HPm5I,UCJp7gd3QZvweXGnevptxJng,2026-03-07 16:47:59+00:00,UgwRJ9Jk_JksR5Xc5Xl4AaABAg.AU1emv4DpypAU3IT11kmIj
6175f38cd8adb069,53fc5bdb31d8a11a,K9kNiVLrudM,UCK7tptUDHh-RYDsdxO1-5QQ,2026-05-11 17:35:42+00:00,UgwRUL0kTy0OWqdhsCB4AaABAg.AWajFZaBgCOAWfkaOmgm4a
21505fc5037103cb,41ead50280e97471,OoZoANZx0NI,UCQfwfsi5VrQ8yKZ-UWmAEFg,2026-04-13 10:51:05+00:00,UgwSHQ0tlxCTYPtLK994AaABAg.AVXsAiXb-U8AVXw1OO2-w1
f7692b40c1ead856,9ecbfcec137b228f,dBAp6nwvYdg,UCIHdDJ0tjn_3j-FS7s_X1kQ,2026-04-26 14:01:10+00:00,UgwT0kotx8aKE-2iXSl4AaABAg.AVwbB1Nw-PIAW3k7092f3E
eed0fa25c9a10110,472d5216357b39dd,BpHhN0vqP0k,UCupvZG-5ko_eiXAupbDfxWw,2026-04-23 11:19:32+00:00,UgwTEqqEdM1rDWeZ_Kh4AaABAg.AVecYWPMZYnAVwjEWr2oGU
0e85c3e040f6ed46,9060d3f055236cf8,cDqcgJS6W0Q,UC3KuS6XHX5177Vvj4KIPCAw,2026-05-13 17:58:30+00:00,UgwTtUVu_Dsg7vsAjVt4AaABAg.AWkgxiM1nsaAWkwnDZ6z21
caeb3fe3d94edd0b,99274e3c2da45b56,K9kNiVLrudM,UCK7tptUDHh-RYDsdxO1-5QQ,2026-05-08 23:44:21+00:00,UgwV_1k-bGXDpu664DB4AaABAg.AWZRdqWozGxAWZgOs_zkx0
d867c7846ee877f4,99274e3c2da45b56,K9kNiVLrudM,UCK7tptUDHh-RYDsdxO1-5QQ,2026-05-09 03:14:16+00:00,UgwV_1k-bGXDpu664DB4AaABAg.AWZRdqWozGxAW_3QQBIZGa
503c66478a485d1c,99274e3c2da45b56,K9kNiVLrudM,UCK7tptUDHh-RYDsdxO1-5QQ,2026-05-09 03:22:23+00:00,UgwV_1k-bGXDpu664DB4AaABAg.AWZRdqWozGxAW_4LmpmlRt
3e7f519dc9f09532,99274e3c2da45b56,K9kNiVLrudM,UCK7tptUDHh-RYDsdxO1-5QQ,2026-05-09 10:25:03+00:00,UgwV_1k-bGXDpu664DB4AaABAg.AWZRdqWozGxAW_piXRh0PB
35f5a9ba0635204c,99274e3c2da45b56,K9kNiVLrudM,UCK7tptUDHh-RYDsdxO1-5QQ,2026-05-09 17:59:38+00:00,UgwV_1k-bGXDpu664DB4AaABAg.AWZRdqWozGxAWadjxIKNzh
3aa054f910174ddd,99274e3c2da45b56,K9kNiVLrudM,UCK7tptUDHh-RYDsdxO1-5QQ,2026-05-09 19:16:04+00:00,UgwV_1k-bGXDpu664DB4AaABAg.AWZRdqWozGxAWamUqnXTxt
4ec511518ec57a94,c2f053870747a2eb,RKfryWfGCns,UCrXNkk4IESnqU-8GMad2vyA,2026-04-09 19:22:52+00:00,UgwVj0JqfxGcLlncM4F4AaABAg.AVK8T_dC50tAVOYQFQR0YJ
43f772d2763d064a,c2f053870747a2eb,RKfryWfGCns,UCrXNkk4IESnqU-8GMad2vyA,2026-04-12 21:03:14+00:00,UgwVj0JqfxGcLlncM4F4AaABAg.AVK8T_dC50tAVWSI-p01RT
3e0a4baf0ccf8970,c3f39df1e810a555,E3w9zA8Ih0k,UChLtXXpo4Ge1ReTEboVvTDg,2026-03-06 07:25:14+00:00,UgwVuMFaZrnJ5lJ6olx4AaABAg.AU-UsFnpTemAU-iGZCOdZz
af9dc72fcb93a32d,f516e5cf75a30f9d,7Di5PTCsf5I,UCqqjiYoD0nP1fR6vf5AcSfQ,2026-05-07 22:08:05+00:00,UgwWQk-KD6496FAzTDV4AaABAg.AWQ_5U7Eb6GAWWw_tyHt9g
af0073fc088d63ce,93e80786c0447141,ICBjPCfOTn4,UC-uhvujip5deVcEtLxnW8qg,2026-05-13 17:34:06+00:00,UgwXRvxd2Zke1VZdYuB4AaABAg.AWkIq7rGSUVAWku-Qv6Icf
1cdd716e355500b5,ae601efb356406a5,BpHhN0vqP0k,UCupvZG-5ko_eiXAupbDfxWw,2026-04-14 13:46:28+00:00,UgwXx9nfmu8QOHeW0ER4AaABAg.AV_nCXwI8fFAV_ots2vXJ9
b81398f38ab6de64,ae601efb356406a5,BpHhN0vqP0k,UCupvZG-5ko_eiXAupbDfxWw,2026-04-14 13:52:47+00:00,UgwXx9nfmu8QOHeW0ER4AaABAg.AV_nCXwI8fFAV_pc6bUdYp
61c5c596bef33a48,ae601efb356406a5,BpHhN0vqP0k,UCupvZG-5ko_eiXAupbDfxWw,2026-04-14 19:19:26+00:00,UgwXx9nfmu8QOHeW0ER4AaABAg.AV_nCXwI8fFAVaQ-d6pdQy
304e1fd5396052c4,ae601efb356406a5,BpHhN0vqP0k,UCupvZG-5ko_eiXAupbDfxWw,2026-04-15 02:00:34+00:00,UgwXx9nfmu8QOHeW0ER4AaABAg.AV_nCXwI8fFAVb7uY9N2q9
1a4f45002ea4bb77,ae601efb356406a5,BpHhN0vqP0k,UCupvZG-5ko_eiXAupbDfxWw,2026-04-15 05:33:37+00:00,UgwXx9nfmu8QOHeW0ER4AaABAg.AV_nCXwI8fFAVbWI0idfEP
79c51d69fe277d22,ae601efb356406a5,BpHhN0vqP0k,UCupvZG-5ko_eiXAupbDfxWw,2026-04-16 02:19:06+00:00,UgwXx9nfmu8QOHeW0ER4AaABAg.AV_nCXwI8fFAVdjpByvcpQ
31cc86c99dce21f6,bdfa9f87889d123e,ddzF6ZQ6qC0,UCNye-wNBqNL5ZzHSJj3l8Bg,2026-03-27 11:08:21+00:00,UgwYQPNjbjyVcUiZJe54AaABAg.AUF9zkqDi0gAUrBUyukNc1
2b8c2741eef7e5f2,6e1bc5f0f4d645a0,sFAd6Szmf28,UChF5O40UBqAc82I7-i5ig6A,2026-03-30 23:58:51+00:00,UgwYuDWM9feOccqK8fJ4AaABAg.AUzvM5fHvjSAV-I2z1puIB
555cb79f497685d3,4c738c80fdd129c7,YWc8vMTkgK0,UCknLrEdhRCp1aegoMqRaCZg,2026-04-29 22:11:49+00:00,UgwZGvA_8YGTkTftogd4AaABAg.AWAivDMx6BbAWCLeHPWmkt
f803a9a3c5693762,54ed34ab1520c0b8,UiIan-aa4Hw,UCHZA_aJuGa4jEoJs6KW-_pw,2026-05-06 15:40:43+00:00,Ugw_3zTMtgaYuOT-t8B4AaABAg.AWSHS5Q_oBjAWTfSs4rVDm
c77693412192fc32,659fc967471c6a5e,BpHhN0vqP0k,UCupvZG-5ko_eiXAupbDfxWw,2026-04-16 07:52:55+00:00,Ugw_GNQ8HJOzW07HTFZ4AaABAg.AVdjLShCsX-AVeL15JDHPd
95f853b1aba14f0c,b338ccd72ed4cde6,HM_ooU-SIQs,UCeY0bbntWzzVIaj2z3QigXg,2026-04-23 22:20:31+00:00,UgwaPCqpYf4VylOaWV54AaABAg.AVtOu-JJF28AVxushTSlLt
7acfb6b109f1aa53,4c542ee5808309e3,2sbvbKlbj6Q,UCiDyg5GUMxZiHiwiQ29Nwhw,2026-04-29 13:44:42+00:00,UgwanLYaq6Myn0M3Xnx4AaABAg.AVR6cbam3IaAWBRc0WeB3K
32c15c935016433a,cf86b602b50b6020,YPIkNV9D3Hk,UC6-y2wMNk24Fi-J2qbTTYQA,2026-04-29 01:29:15+00:00,UgwatvoCvKZfPzio10t4AaABAg.AVyJ863ueuLAWA7SVyy56a
1ca5541acc2bda2e,3aa03a9f791f3b88,gGIv1ceqq6U,UChirEOpgFCupRAk5etXqPaA,2026-03-14 11:00:58+00:00,UgwbOCTuUH_XPSlC3yZ4AaABAg.AUH_BwkPkVbAUKhJZHPjVz
2c154194de67ddd7,ff9b47581b5b431e,fFUnDwqQMv4,UCeY0bbntWzzVIaj2z3QigXg,2026-03-27 12:16:16+00:00,Ugwbj3OVCYV93WTU64Z4AaABAg.AUnhldVbR3tAUrJGTZEbsp
a6123456caa240a7,52794a1022bb2a16,Jn5GzGtpcls,UCVhtkN7-c8mA8GXEoxS4YQw,2026-04-07 14:24:20+00:00,UgwdDCG-Dcw0NZ73KP54AaABAg.AVHzqBRAGBiAVIrf7gub2y
f29a4195d8dafcc8,ca9b31c57d848855,0IXLQySU0f8,UCIRAYFbJmrP--jyrC9MAIWQ,2026-04-05 14:17:52+00:00,UgwgRSSh9YDix2ZmNYR4AaABAg.AVBxISE90F9AVDhKvRYg7L
f0bbd60d2474b31e,7d099c1bd30ce99a,OamsdzEojDc,UCeY0bbntWzzVIaj2z3QigXg,2026-03-18 07:32:16+00:00,UgwgZWO2a2VZa4Tuz1p4AaABAg.AUEn8AWhvkBAUUcbUEL93A
8c567c76e2f0d619,192c2df264ccb3b5,Gk6xm5IuY4w,UCWJOjGOpN8oSVr_OoJLzk9g,2026-05-13 18:46:26+00:00,Ugwh5YaKYS0IZOzkoLB4AaABAg.AWl0OE2AXP7AWl1HFUskJO
25f8a8eb4bc6a579,517b82cf9cf00c62,xd9boh45qC4,UC8p1vwvWtl6T73JiExfWs1g,2026-03-01 20:51:51+00:00,UgwhUroq3hDu0qHLYeJ4AaABAg.ATpGQA10Eo0ATpHb1mxgX8
a9af626ac1862478,661c93296b7cfed7,SLjtrGi2DIc,UCw8Fc5R0Q5yyS3KrDCPM3xg,2026-03-13 22:17:41+00:00,Ugwilrd0BzzuJ1sWeJF4AaABAg.AUJ8yfog4YzAUJKy5IRIOn
143dfdb953226732,12e83bcdfce903c4,U-I0nbysAuQ,UCknLrEdhRCp1aegoMqRaCZg,2026-03-01 13:14:27+00:00,UgwjDr_pZBR6nhpOU094AaABAg.AToJ0TLoIdtAToTFoQwO5h
1cf61a1e96913bb0,6a6cba3e9f6ca14c,RBywScS5-Ao,UCQfwfsi5VrQ8yKZ-UWmAEFg,2026-05-13 14:08:28+00:00,Ugwm3JNRlU2xEkrGCkF4AaABAg.AWhVfm1b8KXAWkXTL8S8kp
49e71fae7f955723,1e8568aeac3ea31a,05kNCpqs_ZI,UCIHdDJ0tjn_3j-FS7s_X1kQ,2026-04-03 01:36:29+00:00,UgwmM0BS2CyFCGYVBfR4AaABAg.AV6dNbE0dJEAV7BbimgQjb
1bf254c5e7c67ce5,34d482d4151ca68b,ZxevsU8I3Mw,UC7fWeaHhqgM4Ry-RMpM2YYw,2026-03-06 09:12:24+00:00,Ugwo63jrHlDJveAnSSl4AaABAg.ATze5N2t6aqAU-uXTOOtoL
adef8142e05c3392,34d482d4151ca68b,ZxevsU8I3Mw,UC7fWeaHhqgM4Ry-RMpM2YYw,2026-03-07 09:17:11+00:00,Ugwo63jrHlDJveAnSSl4AaABAg.ATze5N2t6aqAU2UsKb-9su
14d2d365f51279ae,225c75a01777fa52,ezDnI0MyNK4,UC1VBOObpFMoqduxFdzJrnvA,2026-05-10 13:15:09+00:00,UgwoC1B76mM1vYBp29V4AaABAg.AWUZs47SNmnAWchzCLEmt6
3a1f8ff36f0590be,30d32dc153111402,ICBjPCfOTn4,UC-uhvujip5deVcEtLxnW8qg,2026-05-13 17:26:11+00:00,UgwoeDgUhBJ7l8cPKSl4AaABAg.AWke-xNXn4iAWkt5TGKEgX
c161d70b8dadd81a,98eb2331b2bd5a28,ddzF6ZQ6qC0,UCNye-wNBqNL5ZzHSJj3l8Bg,2026-03-18 01:47:19+00:00,Ugwp0FUVO0MO9PZBrgB4AaABAg.AUOj0M8oV0dAUU082qfYoo
60211a25b97789d5,688769881f51a6f3,ddzF6ZQ6qC0,UCNye-wNBqNL5ZzHSJj3l8Bg,2026-03-16 06:57:08+00:00,UgwqL8FeC7UEGAL8uR14AaABAg.AUEuLYjcgj3AUPQ-PWyRH8
0bc0f44d583234c3,5a5299645446926f,UiIan-aa4Hw,UCHZA_aJuGa4jEoJs6KW-_pw,2026-05-11 17:00:59+00:00,UgwszlnXovMGbF5RVkp4AaABAg.AWOkmYhO-KpAWfgcAJ4PU_
c8ce029063396036,ac23bd3f4e9e689e,goU1JsRbJ84,UCeQ8yzZhjJ7svzXBqYzmyMA,2026-05-14 11:01:47+00:00,UgwuACguzHVqtvzSOfd4AaABAg.AWiLDUDWRxZAWmlu-xz54s
e0f10da314d565bc,ac23bd3f4e9e689e,goU1JsRbJ84,UCeQ8yzZhjJ7svzXBqYzmyMA,2026-05-14 11:35:45+00:00,UgwuACguzHVqtvzSOfd4AaABAg.AWiLDUDWRxZAWmpmh-S2R4
d9d869370af0b3df,ac23bd3f4e9e689e,goU1JsRbJ84,UCeQ8yzZhjJ7svzXBqYzmyMA,2026-05-14 16:32:47+00:00,UgwuACguzHVqtvzSOfd4AaABAg.AWiLDUDWRxZAWnMmFx6Xjm
8e5386285b881aea,9bf3ffb9ab398277,dBAp6nwvYdg,UCIHdDJ0tjn_3j-FS7s_X1kQ,2026-04-26 23:15:34+00:00,UgwuvZ7pemxFmC3DLJF4AaABAg.AVvFer_ID-FAW4jZYiuW7t
73a174e3842b3632,db1d369ec473e06b,MXKheUrYINM,UCNye-wNBqNL5ZzHSJj3l8Bg,2026-04-30 11:46:00+00:00,UgwvObnwiBcCAo8mtv94AaABAg.AWBV8b_AgmlAWDnp_bP2iv
4e37cdff547997dd,db1d369ec473e06b,MXKheUrYINM,UCNye-wNBqNL5ZzHSJj3l8Bg,2026-04-30 14:46:54+00:00,UgwvObnwiBcCAo8mtv94AaABAg.AWBV8b_AgmlAWE7XWqwTR0
9cce71e9da88d8d9,db1d369ec473e06b,MXKheUrYINM,UCNye-wNBqNL5ZzHSJj3l8Bg,2026-04-30 17:29:49+00:00,UgwvObnwiBcCAo8mtv94AaABAg.AWBV8b_AgmlAWEQAmLyyFs
dd0c824ceed17691,d0642ab7a1730464,AwkYY3l0IVY,UC83jt4dlz1Gjl58fzQrrKZg,2026-04-21 09:07:39+00:00,UgwwImQwFWoLzHbn4ll4AaABAg.AVrG1txEOUeAVrLYt1ErEM
c4c5d06a9342ce65,950e402106fc5646,dBAp6nwvYdg,UCIHdDJ0tjn_3j-FS7s_X1kQ,2026-04-22 19:53:44+00:00,UgwwMamN3MVL9cjrOFJ4AaABAg.AVuv-xg-AZTAVv4Hp_PHi0
c4c5d06a9342ce65,950e402106fc5646,dBAp6nwvYdg,UCIHdDJ0tjn_3j-FS7s_X1kQ,2026-04-22 20:24:30+00:00,UgwwMamN3MVL9cjrOFJ4AaABAg.AVuv-xg-AZTAVv7oBNWp8u
214d2a3e2a014745,1764fd80567fb8f3,U-I0nbysAuQ,UCknLrEdhRCp1aegoMqRaCZg,2026-03-01 12:26:14+00:00,UgwxBzv3lWdKE-LmLmt4AaABAg.AToJj_kYFgAAToNjl7X5Bn
7ba2262d379ef4c3,3d96be6369689e4b,QruqqIqNt38,UC6-y2wMNk24Fi-J2qbTTYQA,2026-05-07 22:52:03+00:00,UgwxTrLinA0gnoLg2wR4AaABAg.AWX-8oDo2k2AWX0c1H38yu
af148233fb745650,a25e67279a6eb0ca,jBQBZuH2F5o,UC_gUM8rL-Lrg6O3adPW9K1g,2026-03-12 13:02:58+00:00,UgwyQARgRraJdmQ7Qrp4AaABAg.AUFC243oAogAUFlgSRskF0
a47d78215a9874b9,a25e67279a6eb0ca,jBQBZuH2F5o,UC_gUM8rL-Lrg6O3adPW9K1g,2026-03-13 00:39:26+00:00,UgwyQARgRraJdmQ7Qrp4AaABAg.AUFC243oAogAUH0OR56DM8
2e1106c0f688e006,5697426d3b1b0695,pu4unt4_3MA,UC6RJ7-PaXg6TIH2BzZfTV7w,2026-03-12 06:36:29+00:00,UgwyxjDpXJXqe7xQ_9d4AaABAg.AUDJRdsSycDAUF4ShzkkfG
8d4c187b01ea7919,5697426d3b1b0695,pu4unt4_3MA,UC6RJ7-PaXg6TIH2BzZfTV7w,2026-03-13 03:00:50+00:00,UgwyxjDpXJXqe7xQ_9d4AaABAg.AUDJRdsSycDAUHG_5aEK_d
95f853b1aba14f0c,25e1f7c9e50bc427,HM_ooU-SIQs,UCeY0bbntWzzVIaj2z3QigXg,2026-04-23 22:14:17+00:00,Ugx-SwU4OqqhoK3aDCh4AaABAg.AVt5LSScdv3AVxuA9JGAL_
a75d07b5ab1e5545,25e1f7c9e50bc427,HM_ooU-SIQs,UCeY0bbntWzzVIaj2z3QigXg,2026-04-24 15:55:37+00:00,Ugx-SwU4OqqhoK3aDCh4AaABAg.AVt5LSScdv3AVzncWK9Eri
c20172153f7673a2,8ae0b30bbb3fa7b0,ptRGY5xHIGg,UCNye-wNBqNL5ZzHSJj3l8Bg,2026-03-17 09:05:40+00:00,Ugx07qwjgWBO-2q9X2Z4AaABAg.AURTNvRKdm1AUSDVmq6OuG
e330c8e7658a0c05,5c9c0d225bc752df,wtniPyo5ct0,UCw8Fc5R0Q5yyS3KrDCPM3xg,2026-04-13 21:00:15+00:00,Ugx0INZoa0rNM8Y7Y954AaABAg.AVYkHPytch3AVZ0k5JJ5BG
2073d2e8aec4b8c9,5c9c0d225bc752df,wtniPyo5ct0,UCw8Fc5R0Q5yyS3KrDCPM3xg,2026-04-13 21:06:55+00:00,Ugx0INZoa0rNM8Y7Y954AaABAg.AVYkHPytch3AVZ1VzYOtnV
42b771f4dd220347,4fa644e8dd9a350c,U-I0nbysAuQ,UCknLrEdhRCp1aegoMqRaCZg,2026-03-01 14:07:20+00:00,Ugx0Q2Zpfhcrlsr18AN4AaABAg.AToV3XhLquwAToZJ95UjlL
04f816501e3c8079,f3a715132919b829,i2Q8k8M49y4,UCckHqySbfy5FcPP6MD_S-Yg,2026-03-07 14:05:09+00:00,Ugx0k6rRStHonuX2CHR4AaABAg.AU2w2eWo31MAU3-pVj4qnq
d45d57e945980c96,ac341f1e305da836,gGIv1ceqq6U,UChirEOpgFCupRAk5etXqPaA,2026-03-12 17:58:29+00:00,Ugx1mYfNBD3YbilaLIB4AaABAg.AUG-Wds3dVIAUGIVqHNtcB
97444d62793a1fb4,82f051379b6b33bb,ihU4kWMvxSs,UC_gUM8rL-Lrg6O3adPW9K1g,2026-03-10 09:36:51+00:00,Ugx1rFfzr8lY_8K9UEN4AaABAg.AU6Gy0Z2YEeAUAFW2AZwXe
0526118e3295b56b,636df9c742d754e3,Gk6xm5IuY4w,UCWJOjGOpN8oSVr_OoJLzk9g,2026-05-13 23:12:22+00:00,Ugx2Hz2lwp_xTZGdRFB4AaABAg.AWl8fGuaOf-AWlVi-dbIhE
afc40826af0b7751,71cb25acf8dde51d,zTthqX_vUKo,UC8p1vwvWtl6T73JiExfWs1g,2026-03-17 02:32:46+00:00,Ugx2QLWACE6qvfNzVE94AaABAg.AURG6jYS87xAURWY5HJChY
4832f0b4dcac1ed3,75365779b64a8c41,vwtbGq03znA,UC6-y2wMNk24Fi-J2qbTTYQA,2026-05-08 16:38:07+00:00,Ugx2zwTcgBQKAnDTnWF4AaABAg.AWYKq_xbNErAWYvc2aj49D
b1190a61a311a0fc,372b4697b4702e3e,Q4khQYmHVY4,UCZFMm1mMw0F81Z37aaEzTUA,2026-03-01 20:01:11+00:00,Ugx3GArnk6Vf-zgchqp4AaABAg.ATonxNUJofoATpBnq2J5TA
fd84994a560403c4,7aa0761eee6e7618,OKHFnQt3rVA,UCqTa3sNT6SfiQ2DQK_kuWlA,2026-03-05 18:09:36+00:00,Ugx3X4LthPWbgL3VrF14AaABAg.ATybsqrfdOfATzID8-zLz9
3e0a4baf0ccf8970,afc459f2e960c4ee,gDsWcUMaZjs,UCxBvnCL0amOmZTh2aUe17hw,2026-05-15 14:47:17+00:00,Ugx42YRiZ4eWxR-Y4mh4AaABAg.AWoWbWGcHQnAWpkVQ_Hlnv
8486017eb1aa15bb,5d3b13200472baf8,BpHhN0vqP0k,UCupvZG-5ko_eiXAupbDfxWw,2026-04-16 09:41:21+00:00,Ugx4oORxtG7F4J7Ch1N4AaABAg.AVcRb8U-k_qAVeXRJKxtSg
02cb08ad2119dfdb,5d3b13200472baf8,BpHhN0vqP0k,UCupvZG-5ko_eiXAupbDfxWw,2026-04-17 05:17:09+00:00,Ugx4oORxtG7F4J7Ch1N4AaABAg.AVcRb8U-k_qAVgd-BM5A5j
9f7244a6de26290d,8c22c46d082a2043,maUSmAhsiVw,UCNye-wNBqNL5ZzHSJj3l8Bg,2026-05-04 11:02:53+00:00,Ugx5MMm0jACCvqCtKj14AaABAg.AWNqrWs5I7qAWO14FtllUF
455eaa38cc83d433,8c22c46d082a2043,maUSmAhsiVw,UCNye-wNBqNL5ZzHSJj3l8Bg,2026-05-04 11:29:32+00:00,Ugx5MMm0jACCvqCtKj14AaABAg.AWNqrWs5I7qAWO47Q_dbPx
2de92846c7959da7,8c22c46d082a2043,maUSmAhsiVw,UCNye-wNBqNL5ZzHSJj3l8Bg,2026-05-04 17:38:04+00:00,Ugx5MMm0jACCvqCtKj14AaABAg.AWNqrWs5I7qAWOjIfHBBKO
455eaa38cc83d433,8c22c46d082a2043,maUSmAhsiVw,UCNye-wNBqNL5ZzHSJj3l8Bg,2026-05-04 18:16:50+00:00,Ugx5MMm0jACCvqCtKj14AaABAg.AWNqrWs5I7qAWOnjZipuy7
0556e3ff7d00cb8f,9197180c17e93e49,8HWzSu29WNI,UCIzXayRP7-P0ANpq-nD-h5g,2026-04-20 06:02:34+00:00,Ugx6aOpwWviMPqjMpUx4AaABAg.AVnHGdvd2IbAVoR_PeOHZ4
203ca4781cf5986c,9d766ce381b952e2,9be75MvSKzY,UCQfwfsi5VrQ8yKZ-UWmAEFg,2026-03-11 19:28:28+00:00,Ugx6fDI3N9Vt8Wqj-k54AaABAg.AUDSQpCJfjRAUDt02NzLgz
4e1ba8ef3fff9d21,6fdc62826698ecd4,K9kNiVLrudM,UCK7tptUDHh-RYDsdxO1-5QQ,2026-05-08 21:25:42+00:00,Ugx6m_2fdmOWzRJtYvV4AaABAg.AWZH7zWR9knAWZRXPkkJQ_
edb957be5024905f,2c3376d79dd2fd9b,wtniPyo5ct0,UCw8Fc5R0Q5yyS3KrDCPM3xg,2026-04-13 20:08:06+00:00,Ugx70ADWyRK-_2aeGNl4AaABAg.AVYmesaSs-KAVYvmAtOWTn
28915d6d6c2522d2,2c3376d79dd2fd9b,wtniPyo5ct0,UCw8Fc5R0Q5yyS3KrDCPM3xg,2026-04-14 00:21:10+00:00,Ugx70ADWyRK-_2aeGNl4AaABAg.AVYmesaSs-KAVZNjgZs3AN
727a5ac83c20fbc2,78df7ad314003348,fFUnDwqQMv4,UCeY0bbntWzzVIaj2z3QigXg,2026-03-31 00:01:28+00:00,Ugx73nTeWk4vdx8b8Zh4AaABAg.AUnytuvHUXbAV-IM7yRg_q
52dd705ff76be6d1,5a7a6709d259b1d8,0N1K66X7aBA,UCaXkIU1QidjPwiAYu6GcHjg,2026-03-19 15:37:04+00:00,Ugx8Gm-CnJo_oEY0yKF4AaABAg.AUWg1qFnokKAUY3tB-eYKb
17e8b94987796eda,0a1fb02038ef51de,gMDWo2Q2r_Y,UCrvhNP_lWuPIP6QZzJmM-bw,2026-04-08 18:20:17+00:00,Ugx8uJZ_HciZ83DJbA94AaABAg.AVLpJL5-yKXAVLrT5OslFc
b2e0ea6e74d468bb,de8c6d9ba1380300,-DThbq-r418,UCupvZG-5ko_eiXAupbDfxWw,2026-05-01 11:53:42+00:00,Ugx9aNztUecm4iyu3q54AaABAg.AWGMuMW2H8bAWGOVq9THsO
4dcd3be727aa1845,b2eefcc832fddcc5,Gk6xm5IuY4w,UCWJOjGOpN8oSVr_OoJLzk9g,2026-05-14 02:29:36+00:00,Ugx9f0yqtz4uEVB9dSZ4AaABAg.AWlbzArU-FzAWlrHaimLDG
bdd6006637f46efd,a89b6dc5dafda37a,iDoADuxZ_QI,UCupvZG-5ko_eiXAupbDfxWw,2026-04-02 23:24:17+00:00,UgxAzEnRHtg-PfGWZdR4AaABAg.AV5T7_Oz7kGAV6xUSNVMYo
5ca06729a808a443,204e89da24e28ae9,AwkYY3l0IVY,UC83jt4dlz1Gjl58fzQrrKZg,2026-04-21 02:09:51+00:00,UgxB7Ott7CTV2Lhkdnt4AaABAg.AVp3NaKYZluAVqajlV2agX
8f37265dd573dbd7,cbca4d36523c2b3b,OOuDm3hCeAY,UCaXkIU1QidjPwiAYu6GcHjg,2026-05-14 14:11:34+00:00,UgxBQ77xaomLRDriLbR4AaABAg.AWmzdPzZH3hAWn6bvIX4wA
3cf1f21ed1de389a,8af609ec389123ba,UXNZaZvxt1o,UCTK_cv-y88CScoudcXnS1Ew,2026-05-06 05:04:23+00:00,UgxBXZTCOaWeRWN_SEt4AaABAg.AWSE8SAkPuLAWSXdJo7snX
d068ca31040fc12e,8af609ec389123ba,UXNZaZvxt1o,UCTK_cv-y88CScoudcXnS1Ew,2026-05-07 20:57:27+00:00,UgxBXZTCOaWeRWN_SEt4AaABAg.AWSE8SAkPuLAWWoVeVdTMN
27108e32557acf56,5646b2977ae45ad7,Gk6xm5IuY4w,UCWJOjGOpN8oSVr_OoJLzk9g,2026-05-14 00:32:36+00:00,UgxBwd9mT1lTMsZvsw54AaABAg.AWlcGWdJtV7AWldththji9
ca51c19938b358a5,0b4811c03e68af5d,_I1yJ5g33OQ,UCqqjiYoD0nP1fR6vf5AcSfQ,2026-05-10 21:57:00+00:00,UgxEwjwXN8OgD8i4Ulh4AaABAg.AWb0Nbd_gRZAWddhNRa9WJ
02a85c2fee2e65dc,ac04b4c49fe1a97a,-DThbq-r418,UCupvZG-5ko_eiXAupbDfxWw,2026-05-02 00:24:42+00:00,UgxGmsw4cmaEStJq0JB4AaABAg.AWGQfAEarByAWHjSGn6s1L
3c68d29a46208b89,ae601efb356406a5,Bn8v59ZERhU,UCupvZG-5ko_eiXAupbDfxWw,2026-04-18 15:06:01+00:00,UgxHNmLwZxGBLsIa9AZ4AaABAg.AVkE-JqfFIVAVkGB2j6Qaa
5c011898c85132ed,ae601efb356406a5,Bn8v59ZERhU,UCupvZG-5ko_eiXAupbDfxWw,2026-04-18 15:25:43+00:00,UgxHNmLwZxGBLsIa9AZ4AaABAg.AVkE-JqfFIVAVkIRFhJQCz
5c011898c85132ed,ae601efb356406a5,Bn8v59ZERhU,UCupvZG-5ko_eiXAupbDfxWw,2026-04-18 15:28:33+00:00,UgxHNmLwZxGBLsIa9AZ4AaABAg.AVkE-JqfFIVAVkIl1QgE7C
4cf80aa15d566528,ae601efb356406a5,Bn8v59ZERhU,UCupvZG-5ko_eiXAupbDfxWw,2026-04-18 15:50:45+00:00,UgxHNmLwZxGBLsIa9AZ4AaABAg.AVkE-JqfFIVAVkLIcnNL6c
2f31c5a6e3b19dd7,ae601efb356406a5,Bn8v59ZERhU,UCupvZG-5ko_eiXAupbDfxWw,2026-04-18 16:06:47+00:00,UgxHNmLwZxGBLsIa9AZ4AaABAg.AVkE-JqfFIVAVkN858hkGZ
cde271473d0a96d8,ae601efb356406a5,Bn8v59ZERhU,UCupvZG-5ko_eiXAupbDfxWw,2026-04-18 16:12:56+00:00,UgxHNmLwZxGBLsIa9AZ4AaABAg.AVkE-JqfFIVAVkNq41ZREl
60cfdd2465106562,ae601efb356406a5,Bn8v59ZERhU,UCupvZG-5ko_eiXAupbDfxWw,2026-04-18 16:15:01+00:00,UgxHNmLwZxGBLsIa9AZ4AaABAg.AVkE-JqfFIVAVkO4NirgFW
a94dba4307ee9549,ae601efb356406a5,Bn8v59ZERhU,UCupvZG-5ko_eiXAupbDfxWw,2026-04-18 16:33:33+00:00,UgxHNmLwZxGBLsIa9AZ4AaABAg.AVkE-JqfFIVAVkQCBCxb5O
8474f6e803a5840e,ae601efb356406a5,Bn8v59ZERhU,UCupvZG-5ko_eiXAupbDfxWw,2026-04-18 19:09:45+00:00,UgxHNmLwZxGBLsIa9AZ4AaABAg.AVkE-JqfFIVAVkh47GLfQ-
6d6be72188013322,ae601efb356406a5,Bn8v59ZERhU,UCupvZG-5ko_eiXAupbDfxWw,2026-04-18 19:46:53+00:00,UgxHNmLwZxGBLsIa9AZ4AaABAg.AVkE-JqfFIVAVklK8Dm50Z
4cf80aa15d566528,ae601efb356406a5,Bn8v59ZERhU,UCupvZG-5ko_eiXAupbDfxWw,2026-04-19 16:38:38+00:00,UgxHNmLwZxGBLsIa9AZ4AaABAg.AVkE-JqfFIVAVn-_9nS0Vc
342b2805e0ff91db,ae601efb356406a5,Bn8v59ZERhU,UCupvZG-5ko_eiXAupbDfxWw,2026-04-20 15:05:10+00:00,UgxHNmLwZxGBLsIa9AZ4AaABAg.AVkE-JqfFIVAVpPfTAFKx5
ce780767bdff4c3f,20179eb95a6f4baf,OamsdzEojDc,UCeY0bbntWzzVIaj2z3QigXg,2026-03-13 06:45:44+00:00,UgxIAGtVrzLA5Lih_9d4AaABAg.AUEZwdEDNr8AUHfJIU7NPV
c0dfe3a46ac3b510,2ed054d5e8d0aed3,AwkYY3l0IVY,UC83jt4dlz1Gjl58fzQrrKZg,2026-04-21 07:00:55+00:00,UgxIdeFAtbNwpy55Ukt4AaABAg.AVqG3jeANw4AVr72g8zaWa
8dd29244fe79e127,2ed054d5e8d0aed3,AwkYY3l0IVY,UC83jt4dlz1Gjl58fzQrrKZg,2026-04-22 15:22:43+00:00,UgxIdeFAtbNwpy55Ukt4AaABAg.AVqG3jeANw4AVuaGlsjEWd
a6293fb373212a4b,101ec3c76b68022c,ds46PwOUy2g,UC3EmxrWVl7K8xBH_UVIWY4Q,2026-04-14 23:00:16+00:00,UgxJF56dCGilMFTt8IV4AaABAg.AVaXCqAO1wTAVaoH1c35Ie
41898acaedce47c4,101ec3c76b68022c,ds46PwOUy2g,UC3EmxrWVl7K8xBH_UVIWY4Q,2026-04-15 05:48:57+00:00,UgxJF56dCGilMFTt8IV4AaABAg.AVaXCqAO1wTAVbY2KuKLTM
27483acf7315db24,101ec3c76b68022c,ds46PwOUy2g,UC3EmxrWVl7K8xBH_UVIWY4Q,2026-04-15 14:03:55+00:00,UgxJF56dCGilMFTt8IV4AaABAg.AVaXCqAO1wTAVcQgV82K9P
c8776b26d255ebe5,a08cb621ba3ec757,mNjVZCmf-D4,UCKgJEs_v0JB-6jWb8lIy9Xw,2026-04-14 13:41:15+00:00,UgxJKBh8pIJTP63Bn4B4AaABAg.AV_fIbaaG0dAV_oIh_lAQ3
1d236f0c2edb8e8b,408892dea179068b,iDoADuxZ_QI,UCupvZG-5ko_eiXAupbDfxWw,2026-04-05 10:49:10+00:00,UgxKyAcNuNkng6z-gf54AaABAg.AV5SpxniwGZAVDKSQKzlv2
1f930f29aaa12a9e,99ce63ca06cf2225,UiIan-aa4Hw,UCHZA_aJuGa4jEoJs6KW-_pw,2026-05-04 18:20:12+00:00,UgxLiZ8zsPix-lHAKtx4AaABAg.AWOe7cZwiuSAWOo7FtIVsT
229d8a0dbbba2dc6,0b5a96c4f88088bb,U-I0nbysAuQ,UCknLrEdhRCp1aegoMqRaCZg,2026-03-01 14:03:33+00:00,UgxMcjGIVFg3lLhrmAt4AaABAg.AToLVfSNzZZAToYsVmxDbO
2e0696cdb884e4d7,12f5e1ea9265447b,YPIkNV9D3Hk,UC6-y2wMNk24Fi-J2qbTTYQA,2026-04-25 15:36:54+00:00,UgxMoyJm3WdbCLJ_DXl4AaABAg.AVxxKbVk-94AW1LHJ74vzw
47fd575ce426194a,af4996a578d69118,ds46PwOUy2g,UC3EmxrWVl7K8xBH_UVIWY4Q,2026-04-14 21:11:30+00:00,UgxMyQhtteg4PdoXdBV4AaABAg.AVaUSC51lO9AVabpJ45i4Q
da1853d0b588d0c6,3c35cf0eb1bcfdfd,E3w9zA8Ih0k,UChLtXXpo4Ge1ReTEboVvTDg,2026-03-07 01:59:22+00:00,UgxOIaipStRWOib5jrN4AaABAg.AU-OnFta6ZKAU1hlb5fAoQ
4c72938828a00421,a0c09b59275c32ac,ZNz9jTfliLc,UCndZODCxN_YaX1f8UoyFbMA,2026-05-11 14:22:43+00:00,UgxOjXM1-N2ciUY91DR4AaABAg.AWfNcUo-11iAWfPW0cCQaU
0ce6672755d866ba,a4efb60ca4d00e74,gMDWo2Q2r_Y,UCrvhNP_lWuPIP6QZzJmM-bw,2026-04-08 18:34:05+00:00,UgxPuviTQfEJK8e3bO54AaABAg.AVLs3HITcrfAVLt29FcI2W
6e34132368f84d09,107831ffd123f303,U-I0nbysAuQ,UCknLrEdhRCp1aegoMqRaCZg,2026-03-01 17:10:51+00:00,UgxQbE74XhGiLPxcryl4AaABAg.AToNsA0V5DiATotJL7TIJK
a365b543a5f1466c,d3f94f67b02f37fb,BpHhN0vqP0k,UCupvZG-5ko_eiXAupbDfxWw,2026-04-16 01:46:38+00:00,UgxREjhktLPFUhhEWtJ4AaABAg.AVdDy85fk26AVdg6RMYEwn
5e3923b921168e6a,ecfd9cb0b0b6573e,K9kNiVLrudM,UCK7tptUDHh-RYDsdxO1-5QQ,2026-05-13 03:52:17+00:00,UgxRW0thgTvRgCyY4_J4AaABAg.AWaNO_TmWvDAWjQxNYat0o
e8db53db4174b5ef,27c403fdc506a81c,Y7i146HPm5I,UCJp7gd3QZvweXGnevptxJng,2026-03-07 03:40:07+00:00,UgxRvF8GMg0sjMNNQex4AaABAg.AU1cXTjunkYAU1tIdkq7g1
c6d6dbc13a36c670,27c403fdc506a81c,Y7i146HPm5I,UCJp7gd3QZvweXGnevptxJng,2026-03-07 04:15:32+00:00,UgxRvF8GMg0sjMNNQex4AaABAg.AU1cXTjunkYAU1xLyQpm_R
e8db53db4174b5ef,27c403fdc506a81c,Y7i146HPm5I,UCJp7gd3QZvweXGnevptxJng,2026-03-07 05:42:33+00:00,UgxRvF8GMg0sjMNNQex4AaABAg.AU1cXTjunkYAU26JGo6Al7
98aaf4d55f2a342f,27c403fdc506a81c,Y7i146HPm5I,UCJp7gd3QZvweXGnevptxJng,2026-03-07 14:27:57+00:00,UgxRvF8GMg0sjMNNQex4AaABAg.AU1cXTjunkYAU32RQ_SFeI
05d5dc621e6b1f52,f69a433a1e0b249a,ZNz9jTfliLc,UCndZODCxN_YaX1f8UoyFbMA,2026-05-11 22:17:09+00:00,UgxSJsHZmEDDrknZ1Fd4AaABAg.AWfUrNusHUWAWgFnqvqvFa
d44ff092944d955f,27108e32557acf56,Gk6xm5IuY4w,UCWJOjGOpN8oSVr_OoJLzk9g,2026-05-14 05:17:04+00:00,UgxTeRpkF7h6pBR7yVB4AaABAg.AWkQLimOpeJAWm9SAcEweD
1425ea6f9a521ff0,27108e32557acf56,Gk6xm5IuY4w,UCWJOjGOpN8oSVr_OoJLzk9g,2026-05-14 09:52:17+00:00,UgxTeRpkF7h6pBR7yVB4AaABAg.AWkQLimOpeJAWmdwv-VoEY
bf686ed9a90eed57,2ba55e1d07fab5fc,gMDWo2Q2r_Y,UCrvhNP_lWuPIP6QZzJmM-bw,2026-04-08 18:41:00+00:00,UgxTqnRLAxKWCMzOIOF4AaABAg.AVLr1D20ZxwAVLtpsDQv0m
10e3abf179d7754c,537f775ae1beaed4,G3biH7PbBaY,UCQfwfsi5VrQ8yKZ-UWmAEFg,2026-03-16 19:44:33+00:00,UgxUX9AtUY5SXsjT6ad4AaABAg.AUOR9nQ_0QCAUQmp9GTrxT
02ce0c66f6d2103e,43060a5d94f76dd7,ddzF6ZQ6qC0,UCNye-wNBqNL5ZzHSJj3l8Bg,2026-03-14 18:10:43+00:00,UgxVZ-p-XOh4eLVJHA54AaABAg.AUEs7oUb8zCAULTVBfz0E7
e06b701f1d8639cb,425a5b34d976b4be,U-I0nbysAuQ,UCknLrEdhRCp1aegoMqRaCZg,2026-03-01 13:08:03+00:00,UgxXLs6KKJuwQg7SDIB4AaABAg.AToIgnAL9DcAToSWy-6TvS
23f5a2a49ccc4580,f14162b31b0adb7c,RKfryWfGCns,UCrXNkk4IESnqU-8GMad2vyA,2026-04-08 10:57:41+00:00,UgxXyxgYOTfCjqVSD_N4AaABAg.AVKK6rp_HBvAVL3oQSqxck
72cedae2ef78e0ea,3010b544bea70991,gDsWcUMaZjs,UCxBvnCL0amOmZTh2aUe17hw,2026-05-15 02:23:12+00:00,UgxYPU5aIAIzJEb64BV4AaABAg.AWoDQQJ669bAWoQLcgkxOj
c7909bf10b6fa656,6e9d0bab4e74989d,ddzF6ZQ6qC0,UCNye-wNBqNL5ZzHSJj3l8Bg,2026-03-13 05:05:13+00:00,UgxYf6FohEPteT0_bzF4AaABAg.AUF9H6eBJ4hAUHUo6Yy66q
db9a58eb7324ff8d,daf43b5f1d0361b8,OoZoANZx0NI,UCQfwfsi5VrQ8yKZ-UWmAEFg,2026-04-13 12:08:10+00:00,UgxZLwv53Wdnf6NE0wh4AaABAg.AVXrWKuVVKgAVY3r-Qpr3g
e51a5d42cd2b268d,28c7feb02a0a6ddb,pdszb79VEbo,UCNye-wNBqNL5ZzHSJj3l8Bg,2026-03-16 02:48:14+00:00,UgxaNUZHRugOt-W8Ebl4AaABAg.AUOehzrrXpTAUOyWW-UOFP
b34c267df1983734,9e5849555c3855ea,tzFbyhatvYA,UC2jAaGokCVg5765VwbznCig,2026-04-20 01:30:47+00:00,Ugxbixf7CBBnfpcExw94AaABAg.AVnKEtCDvzKAVnxTpPmQu_
383b22b52bdff81b,eb4db866a60983ab,ICBjPCfOTn4,UC-uhvujip5deVcEtLxnW8qg,2026-05-13 10:58:08+00:00,UgxbkaOQmM9Hgguqbot4AaABAg.AWk8zOBNnqLAWkBgNRIQBc
3b676ba265f64d79,f83241c6843c3393,u_QytxutaYc,UCEgYhf84VjXDz-W7a9-rdCQ,2026-05-15 03:19:52+00:00,UgxcjYyMRT0GlEvuvIN4AaABAg.AWo6rgp4tbrAWoWpatSYtI
c32bb6af1c584bb8,fd97383acdd6f627,ddzF6ZQ6qC0,UCNye-wNBqNL5ZzHSJj3l8Bg,2026-03-14 04:12:21+00:00,UgxdmYz23azxY-nNViJ4AaABAg.AUEm4HP4PXrAUJyYmtahFo
5a84dbde7d941fa3,089fd60765c729c3,7Di5PTCsf5I,UCqqjiYoD0nP1fR6vf5AcSfQ,2026-05-06 12:22:18+00:00,UgxfevxmJkb8XxZ3-514AaABAg.AWQqABYZJjLAWTJkbvDJam
f26bfdcdae21a289,e3e07c827b859784,gZifIvJXYKk,UCoMdktPbSTixAyNGwb-UYkQ,2026-03-02 00:11:24+00:00,UgxgmczT6tiLgXJTfcN4AaABAg.ATpRf15dtp7ATpdRZ9FTpf
56bc4a371e60ef1c,f11fe9f49a94603f,S7jJno67koQ,UC4SUWizzKc1tptprBkWjX2Q,2026-03-12 08:06:27+00:00,UgxgqoTLc8AkygWfuS54AaABAg.AUF6yI4ROcEAUFEkcaQg0a
c304d1ffd67a36d2,f4f23afa470288f9,LgAuD554EGI,UC_gUM8rL-Lrg6O3adPW9K1g,2026-04-18 17:50:51+00:00,UgxhKqEEZTTAFuPnOVd4AaABAg.AVkAf96lsaaAVkZ2IbQAII
dd819b3bab697e16,7d599de42b9edf89,lyshxS0BK5g,UCqTa3sNT6SfiQ2DQK_kuWlA,2026-03-13 22:25:43+00:00,UgxhL0rFqG9c98lrBAN4AaABAg.AUFXAwNJYu_AUJLsxwqOr4
f2d8c9192fe7e2ad,b07cc7b60cc16491,ds46PwOUy2g,UC3EmxrWVl7K8xBH_UVIWY4Q,2026-04-14 20:27:43+00:00,UgxhShqASf2SjNtb_EN4AaABAg.AVaSe34sHoLAVaXogGRoMX
f2d8c9192fe7e2ad,b07cc7b60cc16491,ds46PwOUy2g,UC3EmxrWVl7K8xBH_UVIWY4Q,2026-04-15 00:16:33+00:00,UgxhShqASf2SjNtb_EN4AaABAg.AVaSe34sHoLAVax-gD7rPa
dfa629b2cedb2680,6afe3ab7bb18759c,pu4unt4_3MA,UC6RJ7-PaXg6TIH2BzZfTV7w,2026-03-17 08:02:06+00:00,UgxihhkVNKwKmKB-9fJ4AaABAg.AUIH6HulQlhAUS6EBWrcHb
d64fec04fc4f2bd8,540a3d15e1685f8a,T2WxWBNXB-Y,UCXIJgqnII2ZOINSWNOGFThA,2026-05-15 05:53:02+00:00,Ugxik8KdzYu-qcSfPWF4AaABAg.AWo8JgYFPLhAWonMR1zS2H
dd885fa69955208b,bb6a21786dfb1e1c,xd9boh45qC4,UC8p1vwvWtl6T73JiExfWs1g,2026-03-02 02:43:18+00:00,UgxkPZdsRxPaChAthvp4AaABAg.ATpLNgxGnb_ATpup3QOhHa
c536fe4f97742c1f,1ae48fabe30eb5d9,Jn5GzGtpcls,UCVhtkN7-c8mA8GXEoxS4YQw,2026-04-08 19:45:23+00:00,UgxlghCzo6gwXr9X4aB4AaABAg.AVI1VCGpzwCAVM0CPman2C
54c6f93b030a3c0f,b207586cde99e931,maUSmAhsiVw,UCNye-wNBqNL5ZzHSJj3l8Bg,2026-05-04 11:07:27+00:00,Ugxlmgwy0oAcLQeudVR4AaABAg.AWNoo577qkfAWO1ah1qiF0
054e7e6eaae13c5f,d24861f548ea3410,U-I0nbysAuQ,UCknLrEdhRCp1aegoMqRaCZg,2026-03-01 11:51:42+00:00,Ugxm0v0MaqUq-StXhJh4AaABAg.AToJY4pgJHAAToJmk7LUHR
e833c274e7416b20,3a854487dd2ef2aa,U-I0nbysAuQ,UCknLrEdhRCp1aegoMqRaCZg,2026-03-01 15:34:12+00:00,UgxmS-iy9iKYSGLuDs94AaABAg.ATofH99R4jgAToiFQDiGL5
3e75923f5c745a68,af2d12259f18878f,05kNCpqs_ZI,UCIHdDJ0tjn_3j-FS7s_X1kQ,2026-04-04 22:23:01+00:00,Ugxn_oUvppxXOP2wAWd4AaABAg.AV6wLDYPTyQAVC-3P2UKq0
31a6c418040c5022,af2d12259f18878f,05kNCpqs_ZI,UCIHdDJ0tjn_3j-FS7s_X1kQ,2026-04-06 10:34:25+00:00,Ugxn_oUvppxXOP2wAWd4AaABAg.AV6wLDYPTyQAVFsZEqDuhV
b21bf323f2565fe0,af2d12259f18878f,05kNCpqs_ZI,UCIHdDJ0tjn_3j-FS7s_X1kQ,2026-04-07 14:19:10+00:00,Ugxn_oUvppxXOP2wAWd4AaABAg.AV6wLDYPTyQAVIr4Bt_JA7
da2b1a1eaa50c0d6,a6b9bb4fd568b65f,ddzF6ZQ6qC0,UCNye-wNBqNL5ZzHSJj3l8Bg,2026-03-13 04:25:01+00:00,UgxnvlWVXGeVETl1I3J4AaABAg.AUEmoq17WiaAUHQCi60ZSI
a652d6541165526f,ce6ef028358614de,9be75MvSKzY,UCQfwfsi5VrQ8yKZ-UWmAEFg,2026-03-11 15:47:48+00:00,UgxovrfpMpeoU7vayIV4AaABAg.AUDQXgtlMLXAUDUknK1n6D
43a95ef324dcb4ff,c9e1483c3b62a84c,OOuDm3hCeAY,UCaXkIU1QidjPwiAYu6GcHjg,2026-05-14 14:56:31+00:00,Ugxp5U39A8bv1lM87OR4AaABAg.AWn0JK8HZOYAWnBlFPmapB
6f6aee909a357bd8,a02206881d32dc7c,RKfryWfGCns,UCrXNkk4IESnqU-8GMad2vyA,2026-04-08 04:11:03+00:00,UgxqLt86xGzkOlCAppB4AaABAg.AVK2DnmgPIXAVKLH8W0OfT
0f811ea5d677810e,a99f69975b48e495,9be75MvSKzY,UCQfwfsi5VrQ8yKZ-UWmAEFg,2026-03-12 18:42:49+00:00,UgxrOVTbzvC6F59gERZ4AaABAg.AUDQKfaTVIPAUGN_ZX2PUv
8e664904fe26513a,f03ded43b3c56d33,rvSaptRTeu4,UCkH1uDkyuO9sVjSqdqBygOg,2026-05-09 17:07:30+00:00,UgxrgQihVG177MlIsdJ4AaABAg.AWQ2fRvbxrVAWaYmCyVzxD
82f42961d209e0bf,39f2f0af461fb380,0kupMldcTvg,UCUI9vm69ZbAqRK3q3vKLWCQ,2026-03-01 18:45:37+00:00,Ugxs6CfCycz5qOPPCmx4AaABAg.AToZuIMC5l6ATp39PXW8Qj
6daed6bedbc9166f,4f857c08259c15c1,AwkYY3l0IVY,UC83jt4dlz1Gjl58fzQrrKZg,2026-04-21 08:24:45+00:00,UgxscYO_CUxGels9kah4AaABAg.AVq6HaFRfotAVrGdebavpp
bab3c8aef7d4ee1b,e09b7bbdbf86754f,Jn5GzGtpcls,UCVhtkN7-c8mA8GXEoxS4YQw,2026-04-08 18:29:49+00:00,UgxsmkE3rfbzrCb3WyV4AaABAg.AVJCnXFroPFAVLsZ-LLu2A
a3d5c9ef15c29132,bed759cf9db06673,gMDWo2Q2r_Y,UCrvhNP_lWuPIP6QZzJmM-bw,2026-04-08 19:02:55+00:00,Ugxt4DaGl5XJsYZxkx54AaABAg.AVLoqi8ai_8AVLwLQfFoPI
a63f21b71e1c2281,a1e95bab88bf0ea6,OOuDm3hCeAY,UCaXkIU1QidjPwiAYu6GcHjg,2026-05-14 12:19:47+00:00,Ugxt9cU5HOeNFd4BqRl4AaABAg.AWmsUYcDehCAWmupETzTMF
29918bc59d0dedef,a1e95bab88bf0ea6,OOuDm3hCeAY,UCaXkIU1QidjPwiAYu6GcHjg,2026-05-14 12:56:24+00:00,Ugxt9cU5HOeNFd4BqRl4AaABAg.AWmsUYcDehCAWmz0Nm_LGV
ce81480427a88b53,0a479f13cafc38ca,xd9boh45qC4,UC8p1vwvWtl6T73JiExfWs1g,2026-03-01 20:44:40+00:00,UgxtqeXqNtgwwKFNzPd4AaABAg.ATpD6nPGTkSATpGmKOgero
ed6d347bdcdf515d,1b5d380dd5f30818,D8mw3SCKfeE,UCJg9wBPyKMNA5sRDnvzmkdg,2026-04-19 01:30:11+00:00,UgxvSGQ-UlIdiIKPjYp4AaABAg.AVl2YiZnTWVAVlNbU4o5sD
a825ff442b5ce2c7,1122d7fb30a029d3,dBAp6nwvYdg,UCIHdDJ0tjn_3j-FS7s_X1kQ,2026-04-23 02:24:54+00:00,Ugxx7YdbTjnIC0IAcMd4AaABAg.AVuwWJfMUZSAVvm2lfMLk5
7ba2262d379ef4c3,d81367e489ee84c3,QruqqIqNt38,UC6-y2wMNk24Fi-J2qbTTYQA,2026-05-07 23:09:38+00:00,UgxxkC_SQrKOIcy1hBV4AaABAg.AWX1Bm6MPI8AWX2clCIvmP
cad2693810f75a9c,f86e00dfb11b3133,Y7i146HPm5I,UCJp7gd3QZvweXGnevptxJng,2026-03-07 14:59:17+00:00,Ugxy-ttPTogm-s5huQd4AaABAg.AU1ip4Oz2V0AU361-HE_Oi
083bb6456d36d60a,1eca7c4a296052f3,gGIv1ceqq6U,UChirEOpgFCupRAk5etXqPaA,2026-03-13 10:07:48+00:00,Ugxy8JQVbPu48dVf0Z94AaABAg.AUFzyyrnem6AUI1RGxPUuT
ed3e1dc6ee832289,2c692e311f412473,OOuDm3hCeAY,UCaXkIU1QidjPwiAYu6GcHjg,2026-05-14 14:33:25+00:00,Ugxz-4I97k5JXIZ3qit4AaABAg.AWmsR6x30ELAWn96zi2MKx
53f10f67c0b6795e,2c692e311f412473,OOuDm3hCeAY,UCaXkIU1QidjPwiAYu6GcHjg,2026-05-14 14:51:01+00:00,Ugxz-4I97k5JXIZ3qit4AaABAg.AWmsR6x30ELAWnB7uMzhe-
a05dc64fd61bcc41,2c692e311f412473,OOuDm3hCeAY,UCaXkIU1QidjPwiAYu6GcHjg,2026-05-14 15:05:07+00:00,Ugxz-4I97k5JXIZ3qit4AaABAg.AWmsR6x30ELAWnCk6pMdjQ
7e87598b6809bf53,2c692e311f412473,OOuDm3hCeAY,UCaXkIU1QidjPwiAYu6GcHjg,2026-05-14 15:48:28+00:00,Ugxz-4I97k5JXIZ3qit4AaABAg.AWmsR6x30ELAWnHhdvDru7
5a7a6709d259b1d8,113bb1ad291c45da,BTPfzJFYWuY,UCupvZG-5ko_eiXAupbDfxWw,2026-03-10 05:13:59+00:00,Ugy08xgMJbmHyO9uy_B4AaABAg.AU9fgW_vmUHAU9mQiD1TaC
e0ed2b07fc567ef5,113bb1ad291c45da,BTPfzJFYWuY,UCupvZG-5ko_eiXAupbDfxWw,2026-03-10 16:15:45+00:00,Ugy08xgMJbmHyO9uy_B4AaABAg.AU9fgW_vmUHAUAy9_LaeG4
450fb953d169a163,4f83dadf0d3bfb06,K1rOxW_uDgw,UC7fWeaHhqgM4Ry-RMpM2YYw,2026-03-17 07:17:52+00:00,Ugy1ZzIHlezmdIgWvWF4AaABAg.ATsRyOc1EsMAUS1A7T7Uba
ec3fabadebf1eb38,33b7964a36f713ab,OOuDm3hCeAY,UCaXkIU1QidjPwiAYu6GcHjg,2026-05-14 18:38:41+00:00,Ugy2vxJuk8V_lmGzbI94AaABAg.AWn0-IhfhGyAWnaBRAXxmO
0b2baec299e72861,119f41d3771c5e90,dBAp6nwvYdg,UCIHdDJ0tjn_3j-FS7s_X1kQ,2026-04-22 23:17:14+00:00,Ugy3GtsbkQ6l2NCfpoN4AaABAg.AVv3RC381rBAVvR_FxQLwo
9205553798c21ee5,119f41d3771c5e90,dBAp6nwvYdg,UCIHdDJ0tjn_3j-FS7s_X1kQ,2026-04-23 16:09:02+00:00,Ugy3GtsbkQ6l2NCfpoN4AaABAg.AVv3RC381rBAVxFMvewSiM
9205553798c21ee5,119f41d3771c5e90,dBAp6nwvYdg,UCIHdDJ0tjn_3j-FS7s_X1kQ,2026-04-23 16:11:21+00:00,Ugy3GtsbkQ6l2NCfpoN4AaABAg.AVv3RC381rBAVxFcuCGLtf
e15648c9b6b8edf3,0b3b47498bfe15b9,jBQBZuH2F5o,UC_gUM8rL-Lrg6O3adPW9K1g,2026-03-12 12:01:01+00:00,Ugy3sgzQumgg_mImpa94AaABAg.AUFCP6GlfyOAUFeadoLJUD
7c884f56f258a3bf,b102889c2f14df4f,LgAuD554EGI,UC_gUM8rL-Lrg6O3adPW9K1g,2026-04-18 16:52:00+00:00,Ugy6SkLLFETR1nT6pjd4AaABAg.AVkD1Yg5UJmAVkSJDKy-8B
174b3a61b4cc0de8,b102889c2f14df4f,LgAuD554EGI,UC_gUM8rL-Lrg6O3adPW9K1g,2026-04-18 17:01:53+00:00,Ugy6SkLLFETR1nT6pjd4AaABAg.AVkD1Yg5UJmAVkTRbjEgvs
174b3a61b4cc0de8,b102889c2f14df4f,LgAuD554EGI,UC_gUM8rL-Lrg6O3adPW9K1g,2026-04-18 18:23:03+00:00,Ugy6SkLLFETR1nT6pjd4AaABAg.AVkD1Yg5UJmAVkbj3QnCnH
759f90eeeb0d22e1,9777ff3bbf868ca6,ds46PwOUy2g,UC3EmxrWVl7K8xBH_UVIWY4Q,2026-04-15 09:17:13+00:00,Ugy6n-TQ5QbW4LbjvFJ4AaABAg.AVbZQo4gR8wAVbuscamgtk
caa73a8107d171a6,22fe3482661f5923,pdszb79VEbo,UCNye-wNBqNL5ZzHSJj3l8Bg,2026-03-16 00:51:59+00:00,Ugy8erYKiwfZajfB4ZN4AaABAg.AUOixQntOv4AUOlD2gENAl
58944f8d4299b5cc,6f2f92590502003c,9be75MvSKzY,UCQfwfsi5VrQ8yKZ-UWmAEFg,2026-03-11 20:24:22+00:00,Ugy8uD3WsPWYu2oUkGp4AaABAg.AUDnxsB3Ok1AUDzPOlb2mz
7938dbf24071f772,117d8a969c0404a4,ZNz9jTfliLc,UCndZODCxN_YaX1f8UoyFbMA,2026-05-14 18:18:28+00:00,Ugy8wrPVOXkPVvN5wKV4AaABAg.AWfUUy-I-8yAWnYsIisGSt
10b46994397e43c4,73837eeb79acecf1,BTPfzJFYWuY,UCupvZG-5ko_eiXAupbDfxWw,2026-03-10 09:52:49+00:00,Ugy9kZYynjZDKLlSq9p4AaABAg.AU9i3r4OAAAAUAHKybpIs0
6538e8396b64b4ed,1e52c599bdae6e59,2sbvbKlbj6Q,UCiDyg5GUMxZiHiwiQ29Nwhw,2026-04-12 07:15:55+00:00,Ugy9s5PV8sdZsvXXpB94AaABAg.AVTcM7BddB4AVUybbEgPrD
24942362322b88d8,649e8b4a73a58f56,mE3AiFEkSP8,UCzuqE7-t13O4NIDYJfakrhw,2026-03-24 01:31:32+00:00,UgyAMY9AJYV53AsdtLh4AaABAg.AUiQV741dXXAUiR5gLJGFf
905af409ebda536c,f5b08a647a9f2c55,2sbvbKlbj6Q,UCiDyg5GUMxZiHiwiQ29Nwhw,2026-04-12 09:43:00+00:00,UgyB5kPJ1xqgNcqBtq14AaABAg.AVRcUC9mg_IAVVERrmDpS3
6b76f73fa212c026,3327286b170b53f6,T2WxWBNXB-Y,UCXIJgqnII2ZOINSWNOGFThA,2026-05-15 18:57:39+00:00,UgyB95hhlAw6t-uN2iR4AaABAg.AWoFo6y9X0PAWqC9D_CAox
fa7a4afa39bc2761,8b2aa648ba911bf3,3suCKwq8MVA,UC_TneqvSfh-KsIyZMlJjVsQ,2026-03-09 17:26:11+00:00,UgyBkHmMtZBOQGVnJAd4AaABAg.AU8LzjFX_CTAU8WQcOXaol
14f83e0223151ed0,2b90264e7fc10d98,o3Ma1LkyTJk,UCrp_UI8XtuYfpiqluWLD7Lw,2026-04-28 17:58:44+00:00,UgyDDOvEEr6iu6vdon14AaABAg.AW9FmmkVYPgAW9JtjzM4mB
b0882714e402338e,833192b0ab13eec8,HM_ooU-SIQs,UCeY0bbntWzzVIaj2z3QigXg,2026-04-22 02:22:39+00:00,UgyE1UtCLwFIZ_GHJqh4AaABAg.AVt5FErLgk0AVtC-RdDTqc
ea9dca1f83d44774,129d3b622355b0f3,U-I0nbysAuQ,UCknLrEdhRCp1aegoMqRaCZg,2026-03-01 14:43:10+00:00,UgyEUt-noZVk1bdDz0l4AaABAg.AToKZ06iIgEATocPbG53Gh
67ebc6e6bf3e109c,d826dae1b2f7a282,P2eCQKHb_Ww,UCwqusr8YDwM-3mEYTDeJHzw,2026-03-01 16:20:39+00:00,UgyEXjLlnrcPXwUKTa14AaABAg.AToZGStzYqjATonZgCdGbE
332b21f000f407e2,384b064ad5bf5835,xd9boh45qC4,UC8p1vwvWtl6T73JiExfWs1g,2026-03-01 21:43:17+00:00,UgyErokRldbUe7385Vx4AaABAg.ATpBXp1tuH5ATpNUeqWcRG
7c5e469a8f4388aa,384b064ad5bf5835,xd9boh45qC4,UC8p1vwvWtl6T73JiExfWs1g,2026-03-02 00:04:45+00:00,UgyErokRldbUe7385Vx4AaABAg.ATpBXp1tuH5ATpcfkqGEjS
59b9659b7999bedf,f108b8e3e4784cfb,nDeuSQOnT2s,UCNye-wNBqNL5ZzHSJj3l8Bg,2026-03-17 01:51:32+00:00,UgyEvvq0G9mQ1HkZ2Rd4AaABAg.AUROlG6o8A5AURRp4uU5Sk
a93ce787e2ee389f,03c1568c22fd4dab,oEhLBAF7Pps,UCupvZG-5ko_eiXAupbDfxWw,2026-03-18 13:10:05+00:00,UgyFHdzQkqsvSF8hkOF4AaABAg.AUU0u1x7z-DAUVEGj0HYV2
0ad0f8d28c5673d9,7fee21960fc4abee,8HWzSu29WNI,UCIzXayRP7-P0ANpq-nD-h5g,2026-04-19 18:09:19+00:00,UgyFNDweg2dlnNx5VIB4AaABAg.AVmgcDRdlXEAVn9xN_iP9X
5e1dfd68355ea63e,223b496ce1ab38d8,9be75MvSKzY,UCQfwfsi5VrQ8yKZ-UWmAEFg,2026-03-11 15:49:58+00:00,UgyGcjLjzHAnoaqT8214AaABAg.AUDQ6J9Jc-dAUDV-gi1hZf
c0ab141af038f10f,223b496ce1ab38d8,9be75MvSKzY,UCQfwfsi5VrQ8yKZ-UWmAEFg,2026-03-12 12:49:18+00:00,UgyGcjLjzHAnoaqT8214AaABAg.AUDQ6J9Jc-dAUFk7HqZyog
90f52bdfff4a77fb,8b54c6d1fa1211a1,pdszb79VEbo,UCNye-wNBqNL5ZzHSJj3l8Bg,2026-03-16 03:17:47+00:00,UgyI0chBxQiBHciQ-SZ4AaABAg.AUOkakwNISfAUP0tsEUfjv
8b53e32e6f1f9cda,61b6585ef77dbf93,7Di5PTCsf5I,UCqqjiYoD0nP1fR6vf5AcSfQ,2026-05-14 17:50:48+00:00,UgyI6ReDcCQ0Oa3xsTt4AaABAg.AWhu1BbW4spAWnVhdXtGZN
905af409ebda536c,c4fdcaf05aac19d9,2sbvbKlbj6Q,UCiDyg5GUMxZiHiwiQ29Nwhw,2026-04-12 09:44:26+00:00,UgyIGJYFgETFsZKpB514AaABAg.AVT-iapvTn7AVVEbOmHB2m
01148e8f0ebfeb17,7400630c04ee43f4,cF5vpHAnVbQ,UCXIJgqnII2ZOINSWNOGFThA,2026-05-14 15:32:57+00:00,UgyJCZOTmzG4Yuz4oOl4AaABAg.AWnBASlGfFjAWnFw4Pico4
036364e4a5b1a867,b0fca53c2d990582,HM_ooU-SIQs,UCeY0bbntWzzVIaj2z3QigXg,2026-04-22 03:48:27+00:00,UgyJLj570O92T95T8wl4AaABAg.AVt4gLsv-4oAVtLos_i5Cp
df9327096ec1115d,d486bf95587b9d39,Jn5GzGtpcls,UCVhtkN7-c8mA8GXEoxS4YQw,2026-04-07 14:14:52+00:00,UgyJYRGkw1rcawOuUsh4AaABAg.AVIVvHXH4KAAVIq_iyKZLw
0d4f24bec8e3bd5e,df7eaa3cf8fd0463,ICBjPCfOTn4,UC-uhvujip5deVcEtLxnW8qg,2026-05-13 10:35:54+00:00,UgyJoUrerNrapg-ogx14AaABAg.AWk5bqmoFixAWk98RWDx8_
1eee4f34ab1abc6c,1d56f28c6146a406,YWc8vMTkgK0,UCknLrEdhRCp1aegoMqRaCZg,2026-04-29 11:43:21+00:00,UgyKbH5u3ZwRrRlpBx94AaABAg.AWAMZpFA05uAWBDjE4f15K
78485c25ad217781,1d56f28c6146a406,YWc8vMTkgK0,UCknLrEdhRCp1aegoMqRaCZg,2026-04-30 03:04:04+00:00,UgyKbH5u3ZwRrRlpBx94AaABAg.AWAMZpFA05uAWCs5n7PG4f
dc316bedc68016c7,1d56f28c6146a406,YWc8vMTkgK0,UCknLrEdhRCp1aegoMqRaCZg,2026-04-30 14:27:43+00:00,UgyKbH5u3ZwRrRlpBx94AaABAg.AWAMZpFA05uAWE5KwOGnNC
cf35a36591945936,1d56f28c6146a406,YWc8vMTkgK0,UCknLrEdhRCp1aegoMqRaCZg,2026-05-01 15:26:16+00:00,UgyKbH5u3ZwRrRlpBx94AaABAg.AWAMZpFA05uAWGlpgoWuYa
12e19846b4345b5c,ec85f471a172ea48,QruqqIqNt38,UC6-y2wMNk24Fi-J2qbTTYQA,2026-05-08 22:10:26+00:00,UgyKy88dobQGoT24uMp4AaABAg.AWWnKUCYc-2AWZWdynfYsj
107831ffd123f303,38973e47eed884e4,U-I0nbysAuQ,UCknLrEdhRCp1aegoMqRaCZg,2026-03-01 12:28:22+00:00,UgyLbVGa6TBSX53bTah4AaABAg.AToMiKGdsWmAToNzHmMi5Z
410063e75abb8e12,af9247eee80938c2,oEhLBAF7Pps,UCupvZG-5ko_eiXAupbDfxWw,2026-03-18 06:46:21+00:00,UgyLe7sGyNkPOFCidH14AaABAg.AUU69i8iUl2AUUYMCp00Os
05b70e1f074fa2aa,3912b505f790c646,2sbvbKlbj6Q,UCiDyg5GUMxZiHiwiQ29Nwhw,2026-04-11 08:06:43+00:00,UgyLrcswinViqh70zwJ4AaABAg.AVS1oLLTzMNAVSUctZwb0a
9f087cfa9c87f360,402031cf1f148c25,Jn5GzGtpcls,UCVhtkN7-c8mA8GXEoxS4YQw,2026-04-09 17:43:19+00:00,UgyN94vJklH5_U1j-4V4AaABAg.AVNr6SmB-fwAVON1Ca40Sq
e37eb7aebad3b4be,ba13027d3d8b8b1d,ruOkuy3Tqv0,UCT_yBgKSiwb3WP4ACPnF5nA,2026-03-04 19:51:02+00:00,UgyNATp6Z92mXcZwXWt4AaABAg.ATwsVam6RvpATwu16hi-Oq
6a43e0311cfd0c1f,ba13027d3d8b8b1d,ruOkuy3Tqv0,UCT_yBgKSiwb3WP4ACPnF5nA,2026-03-04 20:03:02+00:00,UgyNATp6Z92mXcZwXWt4AaABAg.ATwsVam6RvpATwvP2JR0i-
89b1dd6e254c7fe1,ba13027d3d8b8b1d,ruOkuy3Tqv0,UCT_yBgKSiwb3WP4ACPnF5nA,2026-03-04 21:11:22+00:00,UgyNATp6Z92mXcZwXWt4AaABAg.ATwsVam6RvpATx2D_PfCE8
0099ae8c502fb385,ba13027d3d8b8b1d,ruOkuy3Tqv0,UCT_yBgKSiwb3WP4ACPnF5nA,2026-03-04 22:32:57+00:00,UgyNATp6Z92mXcZwXWt4AaABAg.ATwsVam6RvpATxBZ1CL__h
b391928e5d6fa1c7,ba13027d3d8b8b1d,ruOkuy3Tqv0,UCT_yBgKSiwb3WP4ACPnF5nA,2026-03-04 22:59:57+00:00,UgyNATp6Z92mXcZwXWt4AaABAg.ATwsVam6RvpATxEdsGGyTw
e2235f517dfbe08c,ba13027d3d8b8b1d,ruOkuy3Tqv0,UCT_yBgKSiwb3WP4ACPnF5nA,2026-03-05 02:35:52+00:00,UgyNATp6Z92mXcZwXWt4AaABAg.ATwsVam6RvpATxcMDpBBo_
4fd4874d70182be1,ba13027d3d8b8b1d,ruOkuy3Tqv0,UCT_yBgKSiwb3WP4ACPnF5nA,2026-03-05 12:11:29+00:00,UgyNATp6Z92mXcZwXWt4AaABAg.ATwsVam6RvpATyeEAosaJ-
08f58e615d42451c,a63d897f9b6806e8,jZVMK-DwoPk,UChqUTb7kYRX8-EiaN3XFrSQ,2026-04-03 21:36:58+00:00,UgyNgmixnvq0Z_1WwmJ4AaABAg.AV8XpqBVxC-AV9L-HdZrY4
81b7a8b6e4384c05,ae2feb4dec006510,AwkYY3l0IVY,UC83jt4dlz1Gjl58fzQrrKZg,2026-04-25 02:54:57+00:00,UgyPkX6nYyHjmm_wsSt4AaABAg.AVrssMBs-_sAW-z4aayQKx
bbc378d9efbf0445,c63960e508c95cb4,fFUnDwqQMv4,UCeY0bbntWzzVIaj2z3QigXg,2026-03-26 14:47:02+00:00,UgyQIfTE0C_P3SgQd514AaABAg.AUozhOCy95_AUp-iskOViN
0107b9c19546558a,a830a9c41c1b876a,ihU4kWMvxSs,UC_gUM8rL-Lrg6O3adPW9K1g,2026-03-08 23:57:01+00:00,UgySpyl-FqyRl4vdnkN4AaABAg.AU6L2wYrejLAU6dMFLBY8p
76954d0e9537d7e3,a830a9c41c1b876a,ihU4kWMvxSs,UC_gUM8rL-Lrg6O3adPW9K1g,2026-03-09 01:46:14+00:00,UgySpyl-FqyRl4vdnkN4AaABAg.AU6L2wYrejLAU6prEV1Yvn
9b34ec43e6250337,2c5ac3d1abaa172b,DVS8dpx5Hsg,UCz8QaiQxApLq8sLNcszYyJw,2026-03-23 01:48:02+00:00,UgyUS40wWzzrYiX2s3p4AaABAg.AUeGFQZ8UR_AUftBf2_C-r
971df57d50809b27,df790f8f892f95a9,U-I0nbysAuQ,UCknLrEdhRCp1aegoMqRaCZg,2026-03-01 13:13:19+00:00,UgyVALUQJd2U7NMHxX14AaABAg.AToMW6yAhFRAToT7Wr2_iP
e9e381373eaed99c,798e3ae244bbed6a,K9kNiVLrudM,UCK7tptUDHh-RYDsdxO1-5QQ,2026-05-09 21:12:41+00:00,UgyVDQSSre4NbkSkC5h4AaABAg.AW_CfZ_aLs7AWazpug5c1w
b494187a4149cf35,bddc9d206604d1d2,es6wdlVr4h8,UC2jAaGokCVg5765VwbznCig,2026-05-15 09:19:31+00:00,UgyVG2WZU2BOfKaVAzp4AaABAg.AWn75klEnhdAWp9znM9JuL
e98114625378605e,98ab4eeafdb15ae6,ICBjPCfOTn4,UC-uhvujip5deVcEtLxnW8qg,2026-05-14 15:50:25+00:00,UgyVjPrTn9M5ba04ZOF4AaABAg.AWkDLdSlY6NAWnHvzAEqaq
abe02582cf5048eb,98ab4eeafdb15ae6,ICBjPCfOTn4,UC-uhvujip5deVcEtLxnW8qg,2026-05-15 02:19:38+00:00,UgyVjPrTn9M5ba04ZOF4AaABAg.AWkDLdSlY6NAWoPwS0nNOf
de0e6056464af6c5,7597b02d5cd21cd3,YPIkNV9D3Hk,UC6-y2wMNk24Fi-J2qbTTYQA,2026-04-27 04:29:27+00:00,UgyX4nmjSWql8grV9-R4AaABAg.AVxdAAUhmAzAW5IUY2cBEl
695f62e010a411ba,63b7c0fafeead295,U-I0nbysAuQ,UCknLrEdhRCp1aegoMqRaCZg,2026-03-01 23:00:29+00:00,UgyY8_r_6Pc1Tnnvtk94AaABAg.ATokjmAfryDATpWK4XYsTq
619f2cf320766eed,8cea0e9b3c35abba,U-I0nbysAuQ,UCknLrEdhRCp1aegoMqRaCZg,2026-03-01 13:11:50+00:00,UgyYP8K8lnJJmIyL4zJ4AaABAg.AToSZ-qGhI8AToSxduiCuU
e833c274e7416b20,8cea0e9b3c35abba,U-I0nbysAuQ,UCknLrEdhRCp1aegoMqRaCZg,2026-03-01 15:37:33+00:00,UgyYP8K8lnJJmIyL4zJ4AaABAg.AToSZ-qGhI8AToicxCjycS
15f394922673fe3a,ce14a9a9607f6b7c,pu4unt4_3MA,UC6RJ7-PaXg6TIH2BzZfTV7w,2026-03-11 14:04:28+00:00,UgyYuDNbQVPSg-4C5lJ4AaABAg.AUCsuWPrOebAUDIvv1bqRA
3c92d4fdac5e57ea,ce14a9a9607f6b7c,pu4unt4_3MA,UC6RJ7-PaXg6TIH2BzZfTV7w,2026-03-12 04:53:30+00:00,UgyYuDNbQVPSg-4C5lJ4AaABAg.AUCsuWPrOebAUEtfT-fbfp
a69523ddd007eeae,ce14a9a9607f6b7c,pu4unt4_3MA,UC6RJ7-PaXg6TIH2BzZfTV7w,2026-03-12 15:43:11+00:00,UgyYuDNbQVPSg-4C5lJ4AaABAg.AUCsuWPrOebAUG30q_4UxF
843b52e13f06fa81,3a855756baa3f85d,_I1yJ5g33OQ,UCqqjiYoD0nP1fR6vf5AcSfQ,2026-05-09 05:34:09+00:00,UgyZc1Z4ixbQnTEChyF4AaABAg.AWUvIBjymf2AW_JQslsVNc
843b52e13f06fa81,3a855756baa3f85d,_I1yJ5g33OQ,UCqqjiYoD0nP1fR6vf5AcSfQ,2026-05-09 05:36:56+00:00,UgyZc1Z4ixbQnTEChyF4AaABAg.AWUvIBjymf2AW_JkLQNz-X
9f620503d82e841e,3a855756baa3f85d,_I1yJ5g33OQ,UCqqjiYoD0nP1fR6vf5AcSfQ,2026-05-12 21:38:24+00:00,UgyZc1Z4ixbQnTEChyF4AaABAg.AWUvIBjymf2AWil9tCMlOE
4c8c2306e89c69d3,4921a4c8e1f3423f,oEhLBAF7Pps,UCupvZG-5ko_eiXAupbDfxWw,2026-03-19 03:07:46+00:00,UgyZp_HWDZNNZNYBp494AaABAg.AUUMFrQ0etZAUWj8BVY8pZ
118b3b180c0b2bac,d98129444f397294,dBAp6nwvYdg,UCIHdDJ0tjn_3j-FS7s_X1kQ,2026-04-22 23:47:29+00:00,UgyarmlMeKLSZZnpzvZ4AaABAg.AVvMRmU0aTMAVvV1qecqZY
f63293b31f703521,5c23a8e2dd46dccb,pdszb79VEbo,UCNye-wNBqNL5ZzHSJj3l8Bg,2026-03-16 00:22:31+00:00,UgybMRk29yBid4au0IV4AaABAg.AUOeYgz7EHWAUOhqBuowu5
f66e4cc5a1373cd6,7253e43ea2c26909,UiIan-aa4Hw,UCHZA_aJuGa4jEoJs6KW-_pw,2026-05-05 22:20:41+00:00,UgybqvHJrI9rN39NoPl4AaABAg.AWOoHvSq-UfAWRoRRCzF7l
257bc4bc64871870,9269e672e7766643,pu4unt4_3MA,UC6RJ7-PaXg6TIH2BzZfTV7w,2026-03-12 09:28:14+00:00,UgybybTXAI2htwKzjzN4AaABAg.AUEiZMHYvTiAUFO6aOBpry
1a9ef1d5e847a872,d152d1828f8673d9,goU1JsRbJ84,UCeQ8yzZhjJ7svzXBqYzmyMA,2026-05-12 09:52:59+00:00,UgyfQX_gzjXVFGeUKOB4AaABAg.AWhK4s3YkHrAWhVRFXH2jL
9843ce57896208e6,4b5eed43e2213a96,RBywScS5-Ao,UCQfwfsi5VrQ8yKZ-UWmAEFg,2026-05-12 13:35:34+00:00,Ugyhe1sG7SJz3EFBfhp4AaABAg.AWhVH4VUcpMAWhtua255m-
7aed4bf28dc59f9b,f22915f6a0d330c2,M9gZ7AAoCxg,UC_gUM8rL-Lrg6O3adPW9K1g,2026-03-05 09:24:30+00:00,UgyiIiql69nQJ3gpNSd4AaABAg.ATyKydCKB7aATyM77wO17G
b86b3b0539796170,888b0619dc23c82c,YWc8vMTkgK0,UCknLrEdhRCp1aegoMqRaCZg,2026-04-29 12:22:17+00:00,UgyinlPDw8pr1D8-FB14AaABAg.AWAin1KBz3LAWBIBNRDcGU
fd6f1ebe14b5ce15,ba13027d3d8b8b1d,2Nu4qbbOj2M,UCT_yBgKSiwb3WP4ACPnF5nA,2026-04-11 18:23:25+00:00,UgyipOVORSDBj3ns_YN4AaABAg.AVTZn17KLC4AVTaCgIXEWG
fc65b701f8b25514,ba13027d3d8b8b1d,2Nu4qbbOj2M,UCT_yBgKSiwb3WP4ACPnF5nA,2026-04-11 18:34:56+00:00,UgyipOVORSDBj3ns_YN4AaABAg.AVTZn17KLC4AVTbX1DudFk
469f6bd01690baf4,ba13027d3d8b8b1d,2Nu4qbbOj2M,UCT_yBgKSiwb3WP4ACPnF5nA,2026-04-11 18:46:00+00:00,UgyipOVORSDBj3ns_YN4AaABAg.AVTZn17KLC4AVTcn674Dpu
a4c2faae21993ae6,ba13027d3d8b8b1d,2Nu4qbbOj2M,UCT_yBgKSiwb3WP4ACPnF5nA,2026-04-11 18:51:48+00:00,UgyipOVORSDBj3ns_YN4AaABAg.AVTZn17KLC4AVTdSYT4dau
7c0e7520144b8a4f,ba13027d3d8b8b1d,2Nu4qbbOj2M,UCT_yBgKSiwb3WP4ACPnF5nA,2026-04-11 19:17:13+00:00,UgyipOVORSDBj3ns_YN4AaABAg.AVTZn17KLC4AVTgMjLDQuY
b89d46fb1cef4857,ba13027d3d8b8b1d,2Nu4qbbOj2M,UCT_yBgKSiwb3WP4ACPnF5nA,2026-04-11 19:17:40+00:00,UgyipOVORSDBj3ns_YN4AaABAg.AVTZn17KLC4AVTgQ0p_OND
7c0e7520144b8a4f,ba13027d3d8b8b1d,2Nu4qbbOj2M,UCT_yBgKSiwb3WP4ACPnF5nA,2026-04-11 19:21:56+00:00,UgyipOVORSDBj3ns_YN4AaABAg.AVTZn17KLC4AVTguHBvYZ2
185dfd68f9677ab2,ba13027d3d8b8b1d,2Nu4qbbOj2M,UCT_yBgKSiwb3WP4ACPnF5nA,2026-04-11 19:45:07+00:00,UgyipOVORSDBj3ns_YN4AaABAg.AVTZn17KLC4AVTjZ0AEFaP
8e84d2673fa12393,ba13027d3d8b8b1d,2Nu4qbbOj2M,UCT_yBgKSiwb3WP4ACPnF5nA,2026-04-11 19:48:08+00:00,UgyipOVORSDBj3ns_YN4AaABAg.AVTZn17KLC4AVTju9vT0Qz
aa437c168f83c38a,ba13027d3d8b8b1d,2Nu4qbbOj2M,UCT_yBgKSiwb3WP4ACPnF5nA,2026-04-11 20:09:43+00:00,UgyipOVORSDBj3ns_YN4AaABAg.AVTZn17KLC4AVTmNFSE640
a33d0a5e99f46e5f,ba13027d3d8b8b1d,2Nu4qbbOj2M,UCT_yBgKSiwb3WP4ACPnF5nA,2026-04-11 20:31:29+00:00,UgyipOVORSDBj3ns_YN4AaABAg.AVTZn17KLC4AVTorejLgri
0c85926ed3b855f3,ba13027d3d8b8b1d,2Nu4qbbOj2M,UCT_yBgKSiwb3WP4ACPnF5nA,2026-04-11 20:59:45+00:00,UgyipOVORSDBj3ns_YN4AaABAg.AVTZn17KLC4AVTs5hhNrwr
1524a7c2e92a68cf,ba13027d3d8b8b1d,2Nu4qbbOj2M,UCT_yBgKSiwb3WP4ACPnF5nA,2026-04-11 21:44:43+00:00,UgyipOVORSDBj3ns_YN4AaABAg.AVTZn17KLC4AVTxF3NJ49S
167c20911cc08cee,ba13027d3d8b8b1d,2Nu4qbbOj2M,UCT_yBgKSiwb3WP4ACPnF5nA,2026-04-11 22:30:16+00:00,UgyipOVORSDBj3ns_YN4AaABAg.AVTZn17KLC4AVU1SfEP2b7
5629d7652d7eca35,ba13027d3d8b8b1d,2Nu4qbbOj2M,UCT_yBgKSiwb3WP4ACPnF5nA,2026-04-11 22:54:31+00:00,UgyipOVORSDBj3ns_YN4AaABAg.AVTZn17KLC4AVU4EIewPaD
fa240d80473f851b,ba13027d3d8b8b1d,2Nu4qbbOj2M,UCT_yBgKSiwb3WP4ACPnF5nA,2026-04-11 23:27:39+00:00,UgyipOVORSDBj3ns_YN4AaABAg.AVTZn17KLC4AVU80vxsFuA
3ec3185455f6a8fb,ba13027d3d8b8b1d,2Nu4qbbOj2M,UCT_yBgKSiwb3WP4ACPnF5nA,2026-04-12 02:32:24+00:00,UgyipOVORSDBj3ns_YN4AaABAg.AVTZn17KLC4AVUTA-eGv8x
9ce4d754ff9ee55a,ba13027d3d8b8b1d,2Nu4qbbOj2M,UCT_yBgKSiwb3WP4ACPnF5nA,2026-04-12 03:04:23+00:00,UgyipOVORSDBj3ns_YN4AaABAg.AVTZn17KLC4AVUWpKcD82E
82794f7ca5fb5fd6,ba13027d3d8b8b1d,2Nu4qbbOj2M,UCT_yBgKSiwb3WP4ACPnF5nA,2026-04-12 06:25:38+00:00,UgyipOVORSDBj3ns_YN4AaABAg.AVTZn17KLC4AVUsrN6bqUh
82794f7ca5fb5fd6,ba13027d3d8b8b1d,2Nu4qbbOj2M,UCT_yBgKSiwb3WP4ACPnF5nA,2026-04-14 04:04:01+00:00,UgyipOVORSDBj3ns_YN4AaABAg.AVTZn17KLC4AVZmEpDTZp6
ebc5dcc7780a04ed,281ae869c2a3a46d,WevIk1SRPm0,UCR0fZh5SBxxMNYdg0VzRFkg,2026-04-24 17:21:23+00:00,Ugyje-bpYhpPXxNZXLB4AaABAg.AVx4LKt4WWbAVzxRiUDQWt
38e1b3c54393879b,feb3de58b7076c53,AwkYY3l0IVY,UC83jt4dlz1Gjl58fzQrrKZg,2026-04-20 10:19:22+00:00,UgyjlitTFnwAKm8LKHt4AaABAg.AVorHyfpWmoAVotyGCdg7i
290f392b11cb60ca,feb3de58b7076c53,AwkYY3l0IVY,UC83jt4dlz1Gjl58fzQrrKZg,2026-04-20 10:43:31+00:00,UgyjlitTFnwAKm8LKHt4AaABAg.AVorHyfpWmoAVowj4lLQW4
c029819413658623,4d61b31d6ebe1085,8HWzSu29WNI,UCIzXayRP7-P0ANpq-nD-h5g,2026-04-21 04:11:50+00:00,Ugyjs6apuqxKcnPCGdJ4AaABAg.AVmtJ1BR_9lAVqohB0miqt
fc7bc8d946eb24cf,5ede617b780231bb,SLjtrGi2DIc,UCw8Fc5R0Q5yyS3KrDCPM3xg,2026-03-13 05:13:30+00:00,UgylSBTkbHXmxOKnDL94AaABAg.AUGw-I8ypYuAUHVkkHIpt4
1993f11f58f04c14,5ede617b780231bb,SLjtrGi2DIc,UCw8Fc5R0Q5yyS3KrDCPM3xg,2026-03-14 23:15:44+00:00,UgylSBTkbHXmxOKnDL94AaABAg.AUGw-I8ypYuAUM0PC2vjEm
50680a80184c677b,818f3cd9ddf7c858,ICBjPCfOTn4,UC-uhvujip5deVcEtLxnW8qg,2026-05-13 13:20:54+00:00,UgymNLu9bFgFvV143qB4AaABAg.AWkA62sHy9NAWkS1-QDox9
cc48f7c218a7bda8,818f3cd9ddf7c858,ICBjPCfOTn4,UC-uhvujip5deVcEtLxnW8qg,2026-05-13 15:32:25+00:00,UgymNLu9bFgFvV143qB4AaABAg.AWkA62sHy9NAWkg4It5IXI
792867ccf6e6b8ad,32516893e800ac9c,MXKheUrYINM,UCNye-wNBqNL5ZzHSJj3l8Bg,2026-05-01 12:01:11+00:00,Ugyn1sdgl4eGXCmwjKh4AaABAg.AWBQTLaxq_NAWGPMd6QaS0
e2cc4e4c01fb6e1b,fc9080ff33195b0f,ddzF6ZQ6qC0,UCNye-wNBqNL5ZzHSJj3l8Bg,2026-03-16 11:16:10+00:00,UgypA9W90AX_ENVQgJJ4AaABAg.AUNd4kJdfuDAUPsdcOH21b
7dc9ad12a1bc317d,42662a73bf51002c,ICBjPCfOTn4,UC-uhvujip5deVcEtLxnW8qg,2026-05-13 11:15:53+00:00,Ugypi8lfSY7UMQJVs-54AaABAg.AWkDTe3SRFDAWkDiMIPFy0
e23686a90c884f89,6e35c3e38f07fcc9,BpHhN0vqP0k,UCupvZG-5ko_eiXAupbDfxWw,2026-04-19 18:32:58+00:00,Ugyplxsmg4DkAQ63NuR4AaABAg.AVmCEk2tdISAVnCeeCMXJz
11c6c7dbd9d58526,5c13239c9f511950,ds46PwOUy2g,UC3EmxrWVl7K8xBH_UVIWY4Q,2026-04-15 10:26:53+00:00,Ugyq-7jUGY1zveTWY0Z4AaABAg.AVaVklSoj84AVc1qwGRFEL
9db97fa29bf33d4c,cda5450a4665ffc6,9be75MvSKzY,UCQfwfsi5VrQ8yKZ-UWmAEFg,2026-03-11 22:07:35+00:00,Ugyqq4uQwniHjMxZWIZ4AaABAg.AUDWaw2-1dPAUEADOoT6tE
72548a5bfe268c51,e273815b275cd722,ds46PwOUy2g,UC3EmxrWVl7K8xBH_UVIWY4Q,2026-04-15 06:07:48+00:00,Ugyr6RmZ1f-AYnem_RB4AaABAg.AVaS8VItCMfAVb_CNwOXhu
ae34b20d4854333d,85c1c6346f51937d,Xomy9NqBICQ,UCIHdDJ0tjn_3j-FS7s_X1kQ,2026-03-16 18:31:06+00:00,UgysZrO40q9PIRsutJJ4AaABAg.AU1ABNpVNBwAUQeQGXGe-7
3733ecdc17ad8460,5375ffa2eefa84cb,-DThbq-r418,UCupvZG-5ko_eiXAupbDfxWw,2026-05-02 05:04:19+00:00,UgytRbgz3H8l56hfDyR4AaABAg.AWGQt3dTGGXAWIESHiew0B
643ad3211e83ed4d,a39f6a2fc915d3bb,UiIan-aa4Hw,UCHZA_aJuGa4jEoJs6KW-_pw,2026-05-06 17:11:43+00:00,UgytSAe84VuEzK94s-d4AaABAg.AWOkZmZRgBPAWTpsSywmkb
e7e180c119a2d8b3,1c154a3a997eecb6,5RV49xBfXqc,UCi7Zk9baY1tvdlgxIML8MXg,2026-03-12 21:28:59+00:00,UgytVUlWOgtLw8SvWF14AaABAg.AUGGW2TZw8IAUGfaXvvQks
a54c940b367da0bb,2138b0445b105f26,05kNCpqs_ZI,UCIHdDJ0tjn_3j-FS7s_X1kQ,2026-04-04 18:58:03+00:00,UgytbZ0-X-7MgR_5Oz54AaABAg.AV6w6NDdebBAVBcbG_GC8B
752b1962f89d4d2e,2138b0445b105f26,05kNCpqs_ZI,UCIHdDJ0tjn_3j-FS7s_X1kQ,2026-04-06 23:06:20+00:00,UgytbZ0-X-7MgR_5Oz54AaABAg.AV6w6NDdebBAVHDbVjYGyo
f6b48375fd69ffb6,869054c694f6b628,K9kNiVLrudM,UCK7tptUDHh-RYDsdxO1-5QQ,2026-05-09 13:45:24+00:00,UgyuYlu5i_UjdqWw-qJ4AaABAg.AWZCWYXyqjGAWaBdv89xqI
3e0a4baf0ccf8970,4cd9a22a8195abae,OoZoANZx0NI,UCQfwfsi5VrQ8yKZ-UWmAEFg,2026-04-13 11:53:57+00:00,UgyvryknoRdRncML1Yx4AaABAg.AVXqK6dKgROAVY2DrOdK6v
2979fa6361183e22,23b0b03a8d711548,GskEgQ_hnUg,UCYPvAwZP8pZhSMW8qs7cVCw,2026-03-16 17:25:46+00:00,UgywTDoGOVU2YzDBkrJ4AaABAg.AUQDMy9bDerAUQXwdLkx8v
aa5f7f232e6950ee,fcab4716605e621e,QruqqIqNt38,UC6-y2wMNk24Fi-J2qbTTYQA,2026-05-07 21:00:45+00:00,UgywlTL8dBXYKGgjB494AaABAg.AWWoWy09Z3NAWWosiFIXvF
0d4f24bec8e3bd5e,d57202b392a5d96d,ICBjPCfOTn4,UC-uhvujip5deVcEtLxnW8qg,2026-05-13 10:26:32+00:00,UgyxV3QzGts0ZLszrXl4AaABAg.AWk7AwrdjX0AWk83pxp_3a
7ea7ff72cc5de98e,69b7a76e6abb6ada,3-x0nLBUhl4,UCIeLTNeX4wGAu6kyEx75ojA,2026-05-15 19:55:10+00:00,UgyxhgNf3bhGGOcZN2V4AaABAg.AWqIGJouZqmAWqIjUs4O5Q
f71a504cbefa0280,1e816cabd8a95420,LgAuD554EGI,UC_gUM8rL-Lrg6O3adPW9K1g,2026-04-18 15:41:50+00:00,UgyyNe9lJxsI_G6VOyx4AaABAg.AVk9zpJSAJGAVkKHM2j3zG
43a9422eb422303b,9c8e05d3340d1e4b,K9kNiVLrudM,UCK7tptUDHh-RYDsdxO1-5QQ,2026-05-09 03:31:59+00:00,UgyycO_WgyN1tdDQnyh4AaABAg.AWZQvnGa71FAW_5S6iZ668
29b1d07edcc87707,9c8e05d3340d1e4b,K9kNiVLrudM,UCK7tptUDHh-RYDsdxO1-5QQ,2026-05-09 16:02:51+00:00,UgyycO_WgyN1tdDQnyh4AaABAg.AWZQvnGa71FAWaRNenVeg2
f6f98e57277c5bb8,a64d683b229f4aa8,OOuDm3hCeAY,UCaXkIU1QidjPwiAYu6GcHjg,2026-05-14 12:53:55+00:00,UgyzdfSOD_atmJXKk8Z4AaABAg.AWmxLXJg8WAAWmyjCkjn7k
b8b34976b191272a,6e5223dd8fb3e25b,70LnaGWcyw8,UCJD2Br_xC-3vY4nkJ9YPYDA,2026-03-12 10:00:56+00:00,Ugz-8A1EB_0ONLF5brx4AaABAg.AUFNDA5yMrIAUFRrB9QHTB
9631f4b7ba138d20,6be9c4bb523ef7f4,M9gZ7AAoCxg,UC_gUM8rL-Lrg6O3adPW9K1g,2026-03-05 11:13:06+00:00,Ugz048c4f8xAFhELHFp4AaABAg.ATyHT29zrNdATyYYcT4nhE
8f855264fbf33c2b,64141bbad0892ca1,o3Ma1LkyTJk,UCrp_UI8XtuYfpiqluWLD7Lw,2026-04-28 17:13:01+00:00,Ugz15C6BoAehR9_uC6N4AaABAg.AW9BOgO9DyBAW9EetZMz7x
ba13027d3d8b8b1d,9ee42b316441d1f7,8o9z-U0uZVM,UCT_yBgKSiwb3WP4ACPnF5nA,2026-04-05 18:44:10+00:00,Ugz1bpm1p57gy7IjesZ4AaABAg.AVCON0ybD9TAVEAoR25z1I
3699dd646d044038,230acc3b3efc192f,BlhMcQDS29Q,UCJnS2EsPfv46u1JR8cnD0NA,2026-03-27 08:04:43+00:00,Ugz1cCypwJRIqeRkeBd4AaABAg.AUSyxk35Gk0AUqrU2jIo3_
5e3923b921168e6a,6efc408f6fad1cbb,K9kNiVLrudM,UCK7tptUDHh-RYDsdxO1-5QQ,2026-05-13 03:49:00+00:00,Ugz1m_Ty9FZbv8XrtGV4AaABAg.AWb8SFuOBZlAWjQ_GRuwlB
dab02c6c50578f1c,ac079352acf52168,rvSaptRTeu4,UCkH1uDkyuO9sVjSqdqBygOg,2026-05-06 09:04:11+00:00,Ugz1rpauZFoFvDQa4wZ4AaABAg.AWQ7ClrdI3UAWSy4aS8dXQ
d650d5d3d8ec2d9a,ac079352acf52168,rvSaptRTeu4,UCkH1uDkyuO9sVjSqdqBygOg,2026-05-08 02:54:15+00:00,Ugz1rpauZFoFvDQa4wZ4AaABAg.AWQ7ClrdI3UAWXSKq4Jffz
6c62b09a459a7011,3fa8b1e513fadb7d,BlhMcQDS29Q,UCJnS2EsPfv46u1JR8cnD0NA,2026-03-19 15:26:50+00:00,Ugz2pyqAu-sEgAqfNo94AaABAg.AUTFXz2DOgxAUY2iGpazbi
88f2d6eae59d1f40,6a6df60129213d80,OamsdzEojDc,UCeY0bbntWzzVIaj2z3QigXg,2026-03-12 19:24:21+00:00,Ugz6ASozIsKnJ8pwxRl4AaABAg.AUFj0JkpNGoAUGSKhnd4Ka
81a75cbc5c83958a,fff075750aeebe78,maUSmAhsiVw,UCNye-wNBqNL5ZzHSJj3l8Bg,2026-05-04 15:49:48+00:00,Ugz8dqm9Vi-hBl5LAJt4AaABAg.AWNqzdQCdxNAWOXugYLUPE
3175f0d35fec534a,b00c6de201d829e4,05kNCpqs_ZI,UCIHdDJ0tjn_3j-FS7s_X1kQ,2026-04-03 17:51:02+00:00,Ugz8yIYwTUkJhUDjK9Z4AaABAg.AV7cm-rAPQ2AV8w8TXiBMI
2ebfa723bde84f24,b9c533ed8c6228b8,OOuDm3hCeAY,UCaXkIU1QidjPwiAYu6GcHjg,2026-05-14 13:48:21+00:00,UgzAuL9TkWmcolREwK54AaABAg.AWn2MLIDU1VAWn3xuuwxDM
96db8555865cfcd3,c0c0fcfd01505cf2,goU1JsRbJ84,UCeQ8yzZhjJ7svzXBqYzmyMA,2026-05-13 07:56:14+00:00,UgzB14qLHLLgtRld0WB4AaABAg.AWfVnlWPkxnAWjrs1Wc7l5
d687f46c0fad4e9a,38770ea283820893,ds46PwOUy2g,UC3EmxrWVl7K8xBH_UVIWY4Q,2026-04-14 22:25:58+00:00,UgzBn7fomC6d-VAzvch4AaABAg.AVaWQ8gOSQNAVakLmBENSo
0aba0c6a0993984c,d39601f5fb4b5c27,AwkYY3l0IVY,UC83jt4dlz1Gjl58fzQrrKZg,2026-04-20 16:38:48+00:00,UgzCHZRojtpP4CpvYqR4AaABAg.AVpXtcSzEgqAVp_OHmmBDf
98fe383a3b5bdb25,097dde7994f8e816,UXNZaZvxt1o,UCTK_cv-y88CScoudcXnS1Ew,2026-05-12 17:50:26+00:00,UgzCfPS1VexUrmikldJ4AaABAg.AWWrOISd1x1AWiM4IC2VHb
17498d60ea0c0b75,6d1f5f722f7a3eae,AwkYY3l0IVY,UC83jt4dlz1Gjl58fzQrrKZg,2026-04-20 12:35:47+00:00,UgzDtVgdBTzMCQ2UpSF4AaABAg.AVoyBs2ThpzAVp8_S9mefA
ecf581977ec2a3d9,6d1f5f722f7a3eae,AwkYY3l0IVY,UC83jt4dlz1Gjl58fzQrrKZg,2026-04-20 13:34:58+00:00,UgzDtVgdBTzMCQ2UpSF4AaABAg.AVoyBs2ThpzAVpFLpTjpB3
f4c8844d1d07b439,6d1f5f722f7a3eae,AwkYY3l0IVY,UC83jt4dlz1Gjl58fzQrrKZg,2026-04-22 20:42:25+00:00,UgzDtVgdBTzMCQ2UpSF4AaABAg.AVoyBs2ThpzAVv9rKdZuko
46893198f48d25f6,6d1f5f722f7a3eae,AwkYY3l0IVY,UC83jt4dlz1Gjl58fzQrrKZg,2026-05-09 08:54:59+00:00,UgzDtVgdBTzMCQ2UpSF4AaABAg.AVoyBs2ThpzAW_fPp1r5bw
dbf9dec0eccd35c7,e0b58d92d3dee78a,05kNCpqs_ZI,UCIHdDJ0tjn_3j-FS7s_X1kQ,2026-04-03 02:49:40+00:00,UgzEQnRbsqMeWKGscgV4AaABAg.AV7JLrJ4MwwAV7JzeUvxYD
9ab69779922a7367,54583278cdda5682,U-I0nbysAuQ,UCknLrEdhRCp1aegoMqRaCZg,2026-03-01 12:50:11+00:00,UgzGD9mIt-fmHTVt7ph4AaABAg.AToKWiYg3CAAToQU7_wmYP
d618ea96a2a92955,54583278cdda5682,U-I0nbysAuQ,UCknLrEdhRCp1aegoMqRaCZg,2026-03-01 15:46:08+00:00,UgzGD9mIt-fmHTVt7ph4AaABAg.AToKWiYg3CAATojbpi3a8x
a7748778650f7fe1,2a17ae90d79c1ddb,i2Q8k8M49y4,UCckHqySbfy5FcPP6MD_S-Yg,2026-03-07 15:21:30+00:00,UgzHO4n77ytCheiWWxZ4AaABAg.AU3-dSw5j_mAU38ZiIDrIh
b5051a557e0e312c,0a05e79a9d9dd982,K9kNiVLrudM,UCK7tptUDHh-RYDsdxO1-5QQ,2026-05-09 15:00:04+00:00,UgzIcbLPxi0wxfvZhdB4AaABAg.AW_SlWxdp38AWaKBjZO_vQ
ecbc33dc297b0f6a,df549c3d8a4c360e,BdqQGidhq-8,UCYPvAwZP8pZhSMW8qs7cVCw,2026-03-12 08:08:49+00:00,UgzJeqqx3oZOjbnjp054AaABAg.AUF6sIv8R49AUFF1-UFZr6
25e67aed734e8f70,1d94edbb8b3a4234,fFUnDwqQMv4,UCeY0bbntWzzVIaj2z3QigXg,2026-03-26 15:49:03+00:00,UgzLV_LtJs86hxr8_Tx4AaABAg.AUnxvQkzEmCAUp6p1n1_m9
384b064ad5bf5835,8b9d1f815fc27158,0N1K66X7aBA,UCaXkIU1QidjPwiAYu6GcHjg,2026-03-20 09:41:12+00:00,UgzM-CCBdMoFULsVoGt4AaABAg.AUWdaazpBHvAU_-xe2SSvQ
826ef4df462f613a,465c8b6641359780,ddzF6ZQ6qC0,UCNye-wNBqNL5ZzHSJj3l8Bg,2026-03-27 01:23:48+00:00,UgzMZD9iq8iMbwMFUQ94AaABAg.AUOtIWzABn7AUq8afzf_zO
2b0ad816a4ef6de3,282d4035a7fe83d0,DVS8dpx5Hsg,UCz8QaiQxApLq8sLNcszYyJw,2026-03-23 04:59:26+00:00,UgzNOZ1OMBJ2rFzPLkh4AaABAg.AUf-zycPD-TAUgE5XT4THk
3a854487dd2ef2aa,d50c4843b0d1bdec,U-I0nbysAuQ,UCknLrEdhRCp1aegoMqRaCZg,2026-03-01 16:07:29+00:00,UgzNtQPeotUk4WcnkOh4AaABAg.ATolfXdOYasATom39I3feE
cb54d6acf06e9761,7d7b0784fc55e8fd,rGlp1RhAWQo,UChF5O40UBqAc82I7-i5ig6A,2026-04-27 20:30:10+00:00,UgzOESi1bsgE3oUjiiJ4AaABAg.AW1TsUzjygGAW70R5JE4DX
53a1cbde4e5fe8a1,9c75d556097f7706,ZPGn-ITEpGw,UCSaiE6WHX4AD1l2lTcHPW7Q,2026-05-15 01:20:15+00:00,UgzR0WrpSfpNImHUF714AaABAg.AWo3uXJRn0CAWoJ8_gFH6X
d8ed8d0c2e615b66,e6ae07baff070c8e,Jn5GzGtpcls,UCVhtkN7-c8mA8GXEoxS4YQw,2026-04-12 16:55:11+00:00,UgzR37WDYIxktQvRhKF4AaABAg.AVJzZ9oWbblAVW-uMWSI8U
f1eea3e96cf94bac,56752ba6014aeee2,NZ7JW5k3cXg,UCEyPWPSLfrg1ue9Oq1wLr8w,2026-04-15 03:19:07+00:00,UgzRo3YiIsvj4FmFD_94AaABAg.AVbD7d3UH2eAVbGtu6MKM0
9df9fea6e82c4470,0b82204318f4659c,Jn5GzGtpcls,UCVhtkN7-c8mA8GXEoxS4YQw,2026-04-07 18:57:32+00:00,UgzS3ABpuHP_mWFSNfZ4AaABAg.AVIjegddHTMAVJLw7fiw-b
ce780767bdff4c3f,96ec3a6c8cd4d190,OamsdzEojDc,UCeY0bbntWzzVIaj2z3QigXg,2026-03-13 06:44:27+00:00,UgzSL93mdkw8Zj-bs5x4AaABAg.AUEhJjDv39wAUHf9rzz76y
695f62e010a411ba,53aab2cd9aba9e08,U-I0nbysAuQ,UCknLrEdhRCp1aegoMqRaCZg,2026-03-01 23:01:47+00:00,UgzSkJ713lKA0mnu_H94AaABAg.ATpKV-DtBQIATpWTa4rtkq
44d31976da6a5ba9,536424a27324f8b8,G3biH7PbBaY,UCQfwfsi5VrQ8yKZ-UWmAEFg,2026-03-15 16:46:18+00:00,UgzT4-MSYLk1qoAY_EB4AaABAg.AUN-di5jPI_AUNtcj3G3OD
6da140573639dc9a,536424a27324f8b8,G3biH7PbBaY,UCQfwfsi5VrQ8yKZ-UWmAEFg,2026-03-16 11:12:28+00:00,UgzT4-MSYLk1qoAY_EB4AaABAg.AUN-di5jPI_AUPsDXvIJJJ
7a1c7b23f63fd42f,3f8dc02cd0dd7f04,8o9z-U0uZVM,UCT_yBgKSiwb3WP4ACPnF5nA,2026-04-04 08:23:50+00:00,UgzUgXGih7urFE_a7Id4AaABAg.AV9yIQXbyLVAVAV18UmVIL
4381b63640b9cae0,8439a98bd569e913,Bn8v59ZERhU,UCupvZG-5ko_eiXAupbDfxWw,2026-04-19 17:57:02+00:00,UgzVLrEDWVAsexUOjjp4AaABAg.AVmsSbpSxKKAVn8YV1IA2v
1e5a4d9e340e65ad,21e5171294522b4b,iDoADuxZ_QI,UCupvZG-5ko_eiXAupbDfxWw,2026-04-04 21:44:40+00:00,UgzW1UMlQnMGoI0VXs54AaABAg.AV5Xo7EL6JMAVBvf_zMm7z
157e60489f42cfe3,815b5da615c0c4d2,ICBjPCfOTn4,UC-uhvujip5deVcEtLxnW8qg,2026-05-13 13:13:18+00:00,UgzWGCruyYvsWGRpUId4AaABAg.AWk8yrlCTaRAWkR9Lpoohd
7541141ea64c0ccf,76c378778614e061,gZifIvJXYKk,UCoMdktPbSTixAyNGwb-UYkQ,2026-03-01 21:17:39+00:00,Ugz_pum0NkRxefDKgdN4AaABAg.ATpI6R-iiK1ATpKYxPKi8d
93abf4b767a075b8,701a2a9577b10dca,P_4hLfwxRBU,UC2jAaGokCVg5765VwbznCig,2026-04-29 13:34:33+00:00,Ugz_qLxWd9ewje4Vw554AaABAg.AWB4W_BADFKAWBQSgnTFdP
e1d61cb0bd3c516b,2c1db4e797de1e18,5RV49xBfXqc,UCi7Zk9baY1tvdlgxIML8MXg,2026-03-12 21:21:35+00:00,UgzaCrAdI3K-IGw8VC54AaABAg.AUGM10NaGX6AUGekM5puns
a7c76ee58792def2,2c1db4e797de1e18,5RV49xBfXqc,UCi7Zk9baY1tvdlgxIML8MXg,2026-03-13 01:38:23+00:00,UgzaCrAdI3K-IGw8VC54AaABAg.AUGM10NaGX6AUH78HYfvRb
e833c274e7416b20,27fc810c9e83419c,U-I0nbysAuQ,UCknLrEdhRCp1aegoMqRaCZg,2026-03-01 15:32:19+00:00,Ugzbz8liAuv3dw35yil4AaABAg.AToemNGNIzvAToi1brcdaj
9222237e2e1a1254,a4efb60ca4d00e74,2sbvbKlbj6Q,UCiDyg5GUMxZiHiwiQ29Nwhw,2026-04-11 01:29:18+00:00,Ugzc2-UGryqitWbz94J4AaABAg.AVRXzKgeKcYAVRm93kEogh
6954b1b9d07587a2,a4bd4551b5cb2575,UXNZaZvxt1o,UCTK_cv-y88CScoudcXnS1Ew,2026-05-07 16:15:43+00:00,Ugzco-9wEkug75Iml9F4AaABAg.AWSABsEtDzJAWWJG7Av2dR
947664ab984ac7a5,dcd29b7bf72d38f1,rvSaptRTeu4,UCkH1uDkyuO9sVjSqdqBygOg,2026-05-05 13:39:44+00:00,UgzdSuZKK6AN2zIVXrR4AaABAg.AWQDXIZpSngAWQsovcn95O
6ea2f8f7c631da2e,fb34dcee20c0cf43,HT2QZdL4baw,UCNye-wNBqNL5ZzHSJj3l8Bg,2026-04-22 18:23:34+00:00,UgzepqPfmjXjoSX4KxB4AaABAg.AUtHWKUZAsKAVuuyRpFvV9
f6d5f429f2bf074d,75a34f5f9a6a7426,HM_ooU-SIQs,UCeY0bbntWzzVIaj2z3QigXg,2026-04-23 10:11:28+00:00,UgzfCOTb_FjUCjAaPs14AaABAg.AVtDVqhrklCAVwbS4VO4VL
42206007271d0ae0,e383da79bafc74a4,maUSmAhsiVw,UCNye-wNBqNL5ZzHSJj3l8Bg,2026-05-04 11:04:46+00:00,UgzfkfDIgOG1Ms3060l4AaABAg.AWO0psdgFK4AWO1I0IFbxd
32c6bc568dc47039,da1da714b3ad7d48,YWc8vMTkgK0,UCknLrEdhRCp1aegoMqRaCZg,2026-04-29 11:41:42+00:00,Ugzfw13EctQEAHgycmB4AaABAg.AWB40bjV4Y6AWBDYEK3C6L
e6421ba055a7cd10,d162ebdc431065f4,maUSmAhsiVw,UCNye-wNBqNL5ZzHSJj3l8Bg,2026-05-04 10:40:35+00:00,UgzgdZrvDGNRu-tO_LB4AaABAg.AWNySFwCZYcAWNzWsQ18Da
ccec6a88aa071f72,a5a16146931ac9bc,YWc8vMTkgK0,UCknLrEdhRCp1aegoMqRaCZg,2026-04-29 12:33:15+00:00,UgzhLZFcl2yNcRdhA814AaABAg.AWAzPaoQy58AWBJRhH-xTM
0235d889696f8160,d10bf680a986db40,DN6PpoF90aI,UCz8QaiQxApLq8sLNcszYyJw,2026-03-30 10:08:04+00:00,UgzhSqpHXGqyq088Qad4AaABAg.AUyYMV-QyuhAUynz7m_tPW
f0a4a9278b3d1dfa,ba13027d3d8b8b1d,8o9z-U0uZVM,UCT_yBgKSiwb3WP4ACPnF5nA,2026-04-02 18:11:23+00:00,UgzhVUtN4YTXTNUYdk14AaABAg.AV6NnwpalSGAV6OfjfokQa
78485c25ad217781,ba13027d3d8b8b1d,8o9z-U0uZVM,UCT_yBgKSiwb3WP4ACPnF5nA,2026-04-02 18:38:28+00:00,UgzhVUtN4YTXTNUYdk14AaABAg.AV6NnwpalSGAV6Rm-9ahgj
128c3ddec06a1b40,ba13027d3d8b8b1d,8o9z-U0uZVM,UCT_yBgKSiwb3WP4ACPnF5nA,2026-04-02 18:44:58+00:00,UgzhVUtN4YTXTNUYdk14AaABAg.AV6NnwpalSGAV6SWa2Gjc5
73bac141b4ecfd2e,ba13027d3d8b8b1d,8o9z-U0uZVM,UCT_yBgKSiwb3WP4ACPnF5nA,2026-04-02 19:00:20+00:00,UgzhVUtN4YTXTNUYdk14AaABAg.AV6NnwpalSGAV6UH8_XyyS
db9aeaf94085d6cf,ba13027d3d8b8b1d,8o9z-U0uZVM,UCT_yBgKSiwb3WP4ACPnF5nA,2026-04-02 19:04:22+00:00,UgzhVUtN4YTXTNUYdk14AaABAg.AV6NnwpalSGAV6UjhfC6-A
e3f36f783561fbfc,ba13027d3d8b8b1d,8o9z-U0uZVM,UCT_yBgKSiwb3WP4ACPnF5nA,2026-04-02 19:21:03+00:00,UgzhVUtN4YTXTNUYdk14AaABAg.AV6NnwpalSGAV6WdsW1fz2
adacb159a49e8633,ba13027d3d8b8b1d,8o9z-U0uZVM,UCT_yBgKSiwb3WP4ACPnF5nA,2026-04-02 19:33:47+00:00,UgzhVUtN4YTXTNUYdk14AaABAg.AV6NnwpalSGAV6Y69GIz6V
e3f36f783561fbfc,ba13027d3d8b8b1d,8o9z-U0uZVM,UCT_yBgKSiwb3WP4ACPnF5nA,2026-04-02 19:54:31+00:00,UgzhVUtN4YTXTNUYdk14AaABAg.AV6NnwpalSGAV6_U2R-CCA
995ccc8854dbc6af,ba13027d3d8b8b1d,8o9z-U0uZVM,UCT_yBgKSiwb3WP4ACPnF5nA,2026-04-02 19:57:23+00:00,UgzhVUtN4YTXTNUYdk14AaABAg.AV6NnwpalSGAV6_o2dECaH
9a3ac652faf1baf7,ba13027d3d8b8b1d,8o9z-U0uZVM,UCT_yBgKSiwb3WP4ACPnF5nA,2026-04-02 20:07:48+00:00,UgzhVUtN4YTXTNUYdk14AaABAg.AV6NnwpalSGAV6b-Kmzzjr
e6e33175ab46e725,ba13027d3d8b8b1d,8o9z-U0uZVM,UCT_yBgKSiwb3WP4ACPnF5nA,2026-04-02 21:08:05+00:00,UgzhVUtN4YTXTNUYdk14AaABAg.AV6NnwpalSGAV6htnotHxa
505dbb76840eec91,ba13027d3d8b8b1d,8o9z-U0uZVM,UCT_yBgKSiwb3WP4ACPnF5nA,2026-04-02 22:06:44+00:00,UgzhVUtN4YTXTNUYdk14AaABAg.AV6NnwpalSGAV6obMCf9Vc
35219f696801327b,ba13027d3d8b8b1d,8o9z-U0uZVM,UCT_yBgKSiwb3WP4ACPnF5nA,2026-04-02 22:07:42+00:00,UgzhVUtN4YTXTNUYdk14AaABAg.AV6NnwpalSGAV6oiWa2qUl
eb4079708e6361f0,ba13027d3d8b8b1d,8o9z-U0uZVM,UCT_yBgKSiwb3WP4ACPnF5nA,2026-04-02 22:49:38+00:00,UgzhVUtN4YTXTNUYdk14AaABAg.AV6NnwpalSGAV6tWbo4xoR
8b982042c143c96b,ba13027d3d8b8b1d,8o9z-U0uZVM,UCT_yBgKSiwb3WP4ACPnF5nA,2026-04-03 01:18:02+00:00,UgzhVUtN4YTXTNUYdk14AaABAg.AV6NnwpalSGAV79VZHeucP
8a708aef0e376da7,1808e891eed9f556,jugN12-Zttk,UCw8Fc5R0Q5yyS3KrDCPM3xg,2026-05-05 11:50:50+00:00,Ugzho5AZC5BUzYn-Zg94AaABAg.AWQ_QphjtvUAWQgMKS7K-K
033dc5f89aca6466,27f3ba91b3f999af,gZifIvJXYKk,UCoMdktPbSTixAyNGwb-UYkQ,2026-03-02 05:41:39+00:00,UgzhsXPznhlC0mAKTqV4AaABAg.ATpSR6-bLdoATqEEHwpx0d
61a82df582c77faf,ce2417bcaf1af5e4,ZNz9jTfliLc,UCndZODCxN_YaX1f8UoyFbMA,2026-05-11 15:55:09+00:00,Ugzj2eaZduvnQVlJIGR4AaABAg.AWfNr-NubWTAWf_52cvRgq
7f77ddd2e3a540b0,ce2417bcaf1af5e4,ZNz9jTfliLc,UCndZODCxN_YaX1f8UoyFbMA,2026-05-11 16:34:33+00:00,Ugzj2eaZduvnQVlJIGR4AaABAg.AWfNr-NubWTAWfdaZMAgBE
73a174e3842b3632,bf7fbcc3f1303ca1,3b8qnKrzmxQ,UCTK_cv-y88CScoudcXnS1Ew,2026-05-15 21:13:19+00:00,Ugzj3PKQXJ2E9TQTaQJ4AaABAg.AWpv76cYucuAWqRfppsAWo
7a570ca52c1d9e40,05bf459eddc4c668,x0-5eubaQNk,UCPs8w9f1gqe4BqkbI-9wTnw,2026-03-02 12:13:39+00:00,Ugzk3-Y9Ls9qpRYtiGt4AaABAg.ATqstOXd19iATqw5URK6hT
bb0ddf3e7d62ede7,33fd9eb8b0ce1e60,LgAuD554EGI,UC_gUM8rL-Lrg6O3adPW9K1g,2026-04-18 14:19:52+00:00,UgzkWD3EZpVpNmm5QqN4AaABAg.AVkAIXjZV-dAVkAu1nz3vO
5788440546848a7c,33fd9eb8b0ce1e60,LgAuD554EGI,UC_gUM8rL-Lrg6O3adPW9K1g,2026-04-18 15:39:32+00:00,UgzkWD3EZpVpNmm5QqN4AaABAg.AVkAIXjZV-dAVkK0YG3yKZ
5788440546848a7c,33fd9eb8b0ce1e60,LgAuD554EGI,UC_gUM8rL-Lrg6O3adPW9K1g,2026-04-18 19:47:37+00:00,UgzkWD3EZpVpNmm5QqN4AaABAg.AVkAIXjZV-dAVklPWGD6mr
7c5e469a8f4388aa,9ad3e318b39cc0ad,xd9boh45qC4,UC8p1vwvWtl6T73JiExfWs1g,2026-03-02 00:28:10+00:00,UgzliGIA3gdFsLVoN614AaABAg.ATpdgzaPeiiATpfMGgSJBx
227e3a891ca84e75,7f91320ac83162f3,xd9boh45qC4,UC8p1vwvWtl6T73JiExfWs1g,2026-03-02 03:07:59+00:00,UgzmqKnRyUcMd9Z16NB4AaABAg.ATpBRaGFdfAATpxdncSPoS
1e8208177e9bec93,7dbb64d1a6dc14a4,GskEgQ_hnUg,UCYPvAwZP8pZhSMW8qs7cVCw,2026-03-18 08:50:32+00:00,UgznJEbCiV0PmRatCf94AaABAg.AUQWQb_kMb5AUUlZm2YNvA
56f381ca8e941124,977980b11d240c68,oAHnZyKDeP8,UCJSICzUeXSxBvc0UAf2Up8g,2026-03-02 22:15:11+00:00,UgzqOXQvYSACrvNzCkt4AaABAg.ATrsTuxzyNRATs-w9kdYoD
57b87b730715ef5a,45df2ebcd43a24c4,7Di5PTCsf5I,UCqqjiYoD0nP1fR6vf5AcSfQ,2026-05-05 13:35:46+00:00,UgzrEA14r51inlhd9Ex4AaABAg.AWQVUlqiKvYAWQsMq3iqt3
1d25c0e0c080f9e7,edeb73296fb8a67a,oAHnZyKDeP8,UCJSICzUeXSxBvc0UAf2Up8g,2026-03-02 14:25:37+00:00,UgzrvqQsgb6yR6bVxNJ4AaABAg.ATp2Z_ImGxyATrABxgv2C1
3b4ade4040195462,d385fd186397f755,oEhLBAF7Pps,UCupvZG-5ko_eiXAupbDfxWw,2026-03-18 16:12:25+00:00,UgzvzAITQs85kawrJAJ4AaABAg.AUUmt_Jlsm7AUVZ8BDGa0O
0e12192c45527dda,1176a6223d416c36,7Di5PTCsf5I,UCqqjiYoD0nP1fR6vf5AcSfQ,2026-05-05 18:08:25+00:00,UgzwXNIrmh85iDBzZ4p4AaABAg.AWQQmR6FJu7AWRMZldiolM
3d3e8ba0d5163b21,1176a6223d416c36,7Di5PTCsf5I,UCqqjiYoD0nP1fR6vf5AcSfQ,2026-05-06 11:01:06+00:00,UgzwXNIrmh85iDBzZ4p4AaABAg.AWQQmR6FJu7AWTAStO8Qsg
0a44b051f2888342,f2d8c9192fe7e2ad,ds46PwOUy2g,UC3EmxrWVl7K8xBH_UVIWY4Q,2026-04-14 21:12:26+00:00,Ugzwefv6nTS6-mTbULR4AaABAg.AVaTE6YJGatAVabwFJf6uy
cbdc01a413537472,f6790c06015ce0f4,05kNCpqs_ZI,UCIHdDJ0tjn_3j-FS7s_X1kQ,2026-04-02 20:46:47+00:00,Ugzx4YowDqvUbkILjqF4AaABAg.AV6Yu25MRs5AV6fSv--oM5
533a703e57f187db,7d145488a7193e8c,iDoADuxZ_QI,UCupvZG-5ko_eiXAupbDfxWw,2026-04-02 17:17:56+00:00,UgzxwPvNp83mZaTQzwt4AaABAg.AV63bgmPg56AV6IZEfUCR8
aac206f2f00b8140,d236529f747539a5,T2WxWBNXB-Y,UCXIJgqnII2ZOINSWNOGFThA,2026-05-14 21:39:32+00:00,UgzyK6DY6rcg9o8TJaR4AaABAg.AWntcCTTcW2AWnusvvMX-s
578bc68dab9d002d,11fd070403e42efc,K9kNiVLrudM,UCK7tptUDHh-RYDsdxO1-5QQ,2026-05-10 10:53:20+00:00,Ugzz91tyhrU_sZ_TvVN4AaABAg.AWbO9Sc8ngdAWcSk_ACwsf
7c3ba89b218c59a3,0d2d0a8b1cdf04dc,8HWzSu29WNI,UCIzXayRP7-P0ANpq-nD-h5g,2026-04-20 11:31:20+00:00,Ugzzi2_onUYbUSAQdlZ4AaABAg.AVnSLxuZskkAVp1CQ2488i
